category,rank_in_category,supplier_name,inn,reliability_class,supplier_amount_rub,lines_cnt,share_pct,cum_share_pct,category_amount_rub,suppliers_in_category,suppliers_for_80pct,pct_of_suppliers_for_80pct
Инструмент,1,"ООО ""ВолгаТех-43""",6824546805,B,163788640.54,79,1.8158,1.8158,9020026111.62,120,86,71.7
Инструмент,2,"ООО ""ГидроПром-50""",5386956634,C,163371550.23,87,1.8112,3.6270,9020026111.62,120,86,71.7
Инструмент,3,"АО ""ВолгаТех-1 Групп""",7396573762,B,162953216.79,77,1.8066,5.4336,9020026111.62,120,86,71.7
Инструмент,4,"ООО ""ЭпсилонТех-29""",1164438269,A,157882763.48,74,1.7504,7.1840,9020026111.62,120,86,71.7
Инструмент,5,"АО ""ТехКомплект-8 Групп""",7408027797,C,151320776.95,76,1.6776,8.8616,9020026111.62,120,86,71.7
Инструмент,6,"ООО ""ГидроПром-15 Групп""",3556215410,C,149394173.27,80,1.6562,10.5178,9020026111.62,120,86,71.7
Инструмент,7,"ООО ""ЭлектроМир-36""",9692833459,A,127196727.78,71,1.4102,11.9280,9020026111.62,120,86,71.7
Инструмент,8,"ИП ""СтанкоСервис-119""",8333128511,A,124854387.12,53,1.3842,13.3122,9020026111.62,120,86,71.7
Инструмент,9,"ООО ""СибирьОпт-54""",8681026443,A,120079483.86,59,1.3313,14.6434,9020026111.62,120,86,71.7
Инструмент,10,"ООО ""ГаммаПром-22""",5256420704,B,106947631.77,52,1.1857,15.8291,9020026111.62,120,86,71.7
Инструмент,11,"ПАО ""Севергруз-58""",6703117816,B,106123999.92,53,1.1765,17.0056,9020026111.62,120,86,71.7
Инструмент,12,"ПАО ""ЭлектроМир-57""",7893336702,C,104135765.59,44,1.1545,18.1601,9020026111.62,120,86,71.7
Инструмент,13,"ООО ""ЭпсилонТех-60""",8376759633,B,102675069.61,44,1.1383,19.2984,9020026111.62,120,86,71.7
Инструмент,14,"АО ""ВолгаТех-66""",5944124879,A,98371395.59,45,1.0906,20.3890,9020026111.62,120,86,71.7
Инструмент,15,"ИП ""Севергруз-120""",6226202468,A,96649551.14,48,1.0715,21.4605,9020026111.62,120,86,71.7
Инструмент,16,"ИП ""АльфаСнаб-25""",4236183119,C,94972905.23,41,1.0529,22.5134,9020026111.62,120,86,71.7
Инструмент,17,"ИП ""ДельтаЛогистик-9 Групп""",7262793677,A,91932767.46,43,1.0192,23.5326,9020026111.62,120,86,71.7
Инструмент,18,"ООО ""ГидроПром-17""",4885347209,B,88318458.26,50,0.9791,24.5118,9020026111.62,120,86,71.7
Инструмент,19,"ИП ""ВолгаТех-64""",3967359575,C,88228517.08,44,0.9781,25.4899,9020026111.62,120,86,71.7
Инструмент,20,"ООО ""СибирьОпт-111""",7497322282,A,87877439.31,37,0.9742,26.4642,9020026111.62,120,86,71.7
Инструмент,21,"АО ""ТехКомплект-53""",9971592644,A,87160631.86,45,0.9663,27.4305,9020026111.62,120,86,71.7
Инструмент,22,"АО ""ВолгаТех-39""",9762292597,A,86537640.46,41,0.9594,28.3899,9020026111.62,120,86,71.7
Инструмент,23,"ПАО ""Севергруз-32""",4848744976,A,85921897.84,44,0.9526,29.3424,9020026111.62,120,86,71.7
Инструмент,24,"АО ""ЭлектроМир-99""",5326315150,B,85212043.83,46,0.9447,30.2871,9020026111.62,120,86,71.7
Инструмент,25,"ИП ""ЭлектроМир-26""",3430420654,B,84901258.69,43,0.9413,31.2284,9020026111.62,120,86,71.7
Инструмент,26,"ИП ""ГаммаПром-71""",6451166226,A,84228764.26,34,0.9338,32.1622,9020026111.62,120,86,71.7
Инструмент,27,"ИП ""АльфаСнаб-73""",5550129760,C,83836268.16,38,0.9294,33.0916,9020026111.62,120,86,71.7
Инструмент,28,"ИП ""БетаТрейд-27""",9604015376,A,83618095.73,32,0.9270,34.0187,9020026111.62,120,86,71.7
Инструмент,29,"ООО ""СибирьОпт-102""",4129682292,C,83456526.34,33,0.9252,34.9439,9020026111.62,120,86,71.7
Инструмент,30,"ООО ""БетаТрейд-117""",6534526717,A,82314659.66,40,0.9126,35.8565,9020026111.62,120,86,71.7
Инструмент,31,"ИП ""ПромСнаб-30""",9330400329,A,81531183.60,45,0.9039,36.7604,9020026111.62,120,86,71.7
Инструмент,32,"ООО ""СтанкоСервис-87""",9370180664,A,81272054.89,40,0.9010,37.6614,9020026111.62,120,86,71.7
Инструмент,33,"ООО ""ПромСнаб-11 Групп""",1268657293,A,79804090.56,39,0.8847,38.5461,9020026111.62,120,86,71.7
Инструмент,34,"АО ""СтанкоСервис-34""",7614642252,A,79765720.38,36,0.8843,39.4304,9020026111.62,120,86,71.7
Инструмент,35,"АО ""ЭпсилонТех-18""",6168600289,C,79525804.69,35,0.8817,40.3121,9020026111.62,120,86,71.7
Инструмент,36,"ИП ""БетаТрейд-28""",7605742304,A,79220423.79,33,0.8783,41.1904,9020026111.62,120,86,71.7
Инструмент,37,"ИП ""СибирьОпт-80""",2616661404,C,79055130.55,53,0.8764,42.0668,9020026111.62,120,86,71.7
Инструмент,38,"ПАО ""ЭпсилонТех-79""",5889752316,B,78619312.56,35,0.8716,42.9384,9020026111.62,120,86,71.7
Инструмент,39,"ООО ""ЭлектроМир-110""",9439228389,A,78135957.98,30,0.8662,43.8047,9020026111.62,120,86,71.7
Инструмент,40,"ИП ""БетаТрейд-38""",8757438026,B,77627830.71,41,0.8606,44.6653,9020026111.62,120,86,71.7
Инструмент,41,"ООО ""ДельтаЛогистик-48""",6729556589,B,77187307.81,50,0.8557,45.5210,9020026111.62,120,86,71.7
Инструмент,42,"ИП ""ГидроПром-104""",1171278872,A,76869705.02,44,0.8522,46.3732,9020026111.62,120,86,71.7
Инструмент,43,"АО ""МеталлТорг-115""",4054258644,C,76676205.79,37,0.8501,47.2233,9020026111.62,120,86,71.7
Инструмент,44,"ИП ""СибирьОпт-103""",4736069149,B,75305660.45,37,0.8349,48.0582,9020026111.62,120,86,71.7
Инструмент,45,"ПАО ""ЭпсилонТех-16""",3879955568,A,75172884.54,40,0.8334,48.8916,9020026111.62,120,86,71.7
Инструмент,46,"АО ""ГидроПром-65""",5816509712,A,74756536.50,44,0.8288,49.7204,9020026111.62,120,86,71.7
Инструмент,47,"ПАО ""ТехКомплект-94""",5862834378,C,74694389.13,36,0.8281,50.5484,9020026111.62,120,86,71.7
Инструмент,48,"ООО ""АльфаСнаб-35""",1175213575,C,74222925.09,38,0.8229,51.3713,9020026111.62,120,86,71.7
Инструмент,49,"АО ""ЭлектроМир-101""",5660908709,B,74120722.52,36,0.8217,52.1931,9020026111.62,120,86,71.7
Инструмент,50,"ООО ""СтанкоСервис-118""",1910495631,A,74103684.66,35,0.8215,53.0146,9020026111.62,120,86,71.7
Инструмент,51,"ИП ""УралДеталь-108""",7199635800,A,74087155.66,47,0.8214,53.8360,9020026111.62,120,86,71.7
Инструмент,52,"ООО ""ТехКомплект-45""",9678016609,C,73944847.87,40,0.8198,54.6557,9020026111.62,120,86,71.7
Инструмент,53,"ООО ""БетаТрейд-90""",3281751713,A,73740703.19,35,0.8175,55.4733,9020026111.62,120,86,71.7
Инструмент,54,"АО ""ПромСнаб-62""",6943791863,C,73603834.93,36,0.8160,56.2893,9020026111.62,120,86,71.7
Инструмент,55,"ИП ""ТехКомплект-37""",6425784015,A,73427782.57,39,0.8141,57.1033,9020026111.62,120,86,71.7
Инструмент,56,"АО ""МеталлТорг-3 Групп""",9676820827,B,73000010.56,40,0.8093,57.9126,9020026111.62,120,86,71.7
Инструмент,57,"ООО ""Севергруз-59""",2876376128,B,72927507.20,32,0.8085,58.7211,9020026111.62,120,86,71.7
Инструмент,58,"ИП ""Севергруз-23""",7661401524,A,72507509.80,36,0.8039,59.5250,9020026111.62,120,86,71.7
Инструмент,59,"ИП ""Севергруз-5 Групп""",9354187804,A,71985162.36,34,0.7981,60.3231,9020026111.62,120,86,71.7
Инструмент,60,"ИП ""СибирьОпт-41""",6345050694,C,70466750.66,34,0.7812,61.1043,9020026111.62,120,86,71.7
Инструмент,61,"ООО ""ДельтаЛогистик-78""",8663952810,C,70348608.70,43,0.7799,61.8842,9020026111.62,120,86,71.7
Инструмент,62,"ПАО ""ЭлектроМир-95""",4893091195,B,70172794.06,33,0.7780,62.6622,9020026111.62,120,86,71.7
Инструмент,63,"ИП ""ДельтаЛогистик-84""",1328957857,B,69890887.68,35,0.7748,63.4370,9020026111.62,120,86,71.7
Инструмент,64,"ПАО ""БетаТрейд-107""",5096320205,A,69887655.78,38,0.7748,64.2118,9020026111.62,120,86,71.7
Инструмент,65,"АО ""ЭпсилонТех-81""",9318288828,B,69629958.20,37,0.7719,64.9838,9020026111.62,120,86,71.7
Инструмент,66,"АО ""ГидроПром-44""",6939000485,C,69244074.95,36,0.7677,65.7514,9020026111.62,120,86,71.7
Инструмент,67,"ИП ""АльфаСнаб-19""",6251468548,C,68789458.21,39,0.7626,66.5141,9020026111.62,120,86,71.7
Инструмент,68,"ИП ""ПромСнаб-61""",2248071481,C,68592495.46,31,0.7604,67.2745,9020026111.62,120,86,71.7
Инструмент,69,"ПАО ""ЭпсилонТех-2 Групп""",1333205446,A,68428527.09,39,0.7586,68.0331,9020026111.62,120,86,71.7
Инструмент,70,"АО ""СтанкоСервис-49""",4544937676,C,67859179.65,31,0.7523,68.7854,9020026111.62,120,86,71.7
Инструмент,71,"ПАО ""СтанкоСервис-98""",5150285741,C,66856442.09,33,0.7412,69.5266,9020026111.62,120,86,71.7
Инструмент,72,"ООО ""Севергруз-20""",9756965410,B,66638916.47,39,0.7388,70.2654,9020026111.62,120,86,71.7
Инструмент,73,"АО ""УралДеталь-93""",8269858197,A,65980284.81,34,0.7315,70.9969,9020026111.62,120,86,71.7
Инструмент,74,"АО ""ЭлектроМир-47""",4315494031,C,65320263.82,41,0.7242,71.7211,9020026111.62,120,86,71.7
Инструмент,75,"ООО ""УралДеталь-42""",4305019545,B,64525988.55,28,0.7154,72.4365,9020026111.62,120,86,71.7
Инструмент,76,"ПАО ""СибирьОпт-24""",6203036487,B,64481065.01,31,0.7149,73.1513,9020026111.62,120,86,71.7
Инструмент,77,"ИП ""Севергруз-88""",2941331441,C,63940998.99,28,0.7089,73.8602,9020026111.62,120,86,71.7
Инструмент,78,"ИП ""УралДеталь-68""",6899330264,C,63785745.19,30,0.7072,74.5674,9020026111.62,120,86,71.7
Инструмент,79,"ПАО ""Севергруз-69""",5108515536,B,63687805.26,34,0.7061,75.2734,9020026111.62,120,86,71.7
Инструмент,80,"ИП ""ЭпсилонТех-51""",2183066432,A,63636446.05,43,0.7055,75.9789,9020026111.62,120,86,71.7
Инструмент,81,"ПАО ""ГаммаПром-21""",5510509420,A,63576610.57,33,0.7048,76.6838,9020026111.62,120,86,71.7
Инструмент,82,"АО ""АльфаСнаб-105""",4695450688,B,62888780.85,35,0.6972,77.3810,9020026111.62,120,86,71.7
Инструмент,83,"ИП ""СтанкоСервис-114""",6505846279,C,62627341.54,33,0.6943,78.0753,9020026111.62,120,86,71.7
Инструмент,84,"ИП ""ТехКомплект-91""",3871944604,C,62510904.25,34,0.6930,78.7683,9020026111.62,120,86,71.7
Инструмент,85,"ПАО ""УралДеталь-112""",9583012527,A,62495452.94,30,0.6929,79.4612,9020026111.62,120,86,71.7
Инструмент,86,"ИП ""ЭлектроМир-77""",3342574841,B,62342951.85,33,0.6912,80.1523,9020026111.62,120,86,71.7
Инструмент,87,"ПАО ""ЭпсилонТех-31""",3498810138,C,61735260.31,26,0.6844,80.8368,9020026111.62,120,86,71.7
Инструмент,88,"ПАО ""ЭлектроМир-83""",9385317786,C,61524315.49,28,0.6821,81.5188,9020026111.62,120,86,71.7
Инструмент,89,"АО ""МеталлТорг-70""",2177052301,A,60965764.35,29,0.6759,82.1947,9020026111.62,120,86,71.7
Инструмент,90,"ООО ""ПромСнаб-85""",1381538527,B,60834272.67,40,0.6744,82.8692,9020026111.62,120,86,71.7
Инструмент,91,"ИП ""УралДеталь-40""",6947562940,A,59728634.78,35,0.6622,83.5314,9020026111.62,120,86,71.7
Инструмент,92,"ПАО ""ГидроПром-82""",5486176086,C,59361119.14,40,0.6581,84.1895,9020026111.62,120,86,71.7
Инструмент,93,"ПАО ""АльфаСнаб-89""",2477900690,B,58192732.66,37,0.6452,84.8346,9020026111.62,120,86,71.7
Инструмент,94,"АО ""УралДеталь-6 Групп""",8563157612,C,57806172.24,31,0.6409,85.4755,9020026111.62,120,86,71.7
Инструмент,95,"АО ""ВолгаТех-46""",3203403245,C,57328973.38,27,0.6356,86.1110,9020026111.62,120,86,71.7
Инструмент,96,"ПАО ""ГидроПром-10 Групп""",4025236040,A,57049119.47,31,0.6325,86.7435,9020026111.62,120,86,71.7
Инструмент,97,"ПАО ""ЭпсилонТех-72""",1649173005,A,56718376.69,32,0.6288,87.3723,9020026111.62,120,86,71.7
Инструмент,98,"ИП ""ЭпсилонТех-14 Групп""",7761929248,B,56609945.81,32,0.6276,87.9999,9020026111.62,120,86,71.7
Инструмент,99,"АО ""ВолгаТех-86""",1944444455,C,56506612.94,26,0.6265,88.6264,9020026111.62,120,86,71.7
Инструмент,100,"ПАО ""ВолгаТех-56""",8238363683,C,56191730.30,35,0.6230,89.2493,9020026111.62,120,86,71.7
Инструмент,101,"ПАО ""СтанкоСервис-113""",9062991254,C,54991010.55,34,0.6097,89.8590,9020026111.62,120,86,71.7
Инструмент,102,"АО ""ЭпсилонТех-55""",8870912118,B,54168835.13,34,0.6005,90.4595,9020026111.62,120,86,71.7
Инструмент,103,"ООО ""ВолгаТех-97""",3478634414,A,53536458.31,29,0.5935,91.0531,9020026111.62,120,86,71.7
Инструмент,104,"ПАО ""АльфаСнаб-12 Групп""",6224825860,A,53025811.19,35,0.5879,91.6409,9020026111.62,120,86,71.7
Инструмент,105,"ИП ""УралДеталь-67""",3838939447,B,52516817.77,29,0.5822,92.2232,9020026111.62,120,86,71.7
Инструмент,106,"ПАО ""СибирьОпт-109""",1575720309,B,52170267.72,32,0.5784,92.8015,9020026111.62,120,86,71.7
Инструмент,107,"ПАО ""ГаммаПром-13 Групп""",7679741117,A,51562141.82,31,0.5716,93.3732,9020026111.62,120,86,71.7
Инструмент,108,"ООО ""СибирьОпт-96""",3940742148,A,50060495.18,35,0.5550,93.9282,9020026111.62,120,86,71.7
Инструмент,109,"ООО ""ЭлектроМир-74""",3183881606,B,49050929.11,27,0.5438,94.4720,9020026111.62,120,86,71.7
Инструмент,110,"АО ""ГаммаПром-33""",9026027108,C,49018614.18,32,0.5434,95.0154,9020026111.62,120,86,71.7
Инструмент,111,"ПАО ""ГаммаПром-4 Групп""",1026220989,B,48207948.29,22,0.5345,95.5499,9020026111.62,120,86,71.7
Инструмент,112,"ООО ""МеталлТорг-92""",4707533344,A,47287304.83,27,0.5242,96.0741,9020026111.62,120,86,71.7
Инструмент,113,"ИП ""ПромСнаб-75""",6209425602,C,46662769.66,25,0.5173,96.5914,9020026111.62,120,86,71.7
Инструмент,114,"ПАО ""СибирьОпт-63""",5200040610,B,46484294.97,32,0.5153,97.1068,9020026111.62,120,86,71.7
Инструмент,115,"ИП ""ТехКомплект-106""",6127484739,C,45521797.94,21,0.5047,97.6115,9020026111.62,120,86,71.7
Инструмент,116,"ПАО ""ДельтаЛогистик-7 Групп""",9648479014,B,45247914.22,35,0.5016,98.1131,9020026111.62,120,86,71.7
Инструмент,117,"ООО ""СтанкоСервис-100""",2616565262,A,45094669.61,29,0.4999,98.6130,9020026111.62,120,86,71.7
Инструмент,118,"ПАО ""УралДеталь-52""",8347640543,C,44938141.30,30,0.4982,99.1113,9020026111.62,120,86,71.7
Инструмент,119,"ИП ""Севергруз-116""",6916520012,B,43905842.26,25,0.4868,99.5980,9020026111.62,120,86,71.7
Инструмент,120,"ООО ""МеталлТорг-76""",4790839966,A,36259575.51,23,0.4020,100.0000,9020026111.62,120,86,71.7
Кабель,1,"ООО ""ГидроПром-15 Групп""",3556215410,C,184182541.50,83,2.0521,2.0521,8975203160.71,120,88,73.3
Кабель,2,"ООО ""ГидроПром-50""",5386956634,C,149778809.22,86,1.6688,3.7209,8975203160.71,120,88,73.3
Кабель,3,"ООО ""ВолгаТех-43""",6824546805,B,147011125.55,76,1.6380,5.3589,8975203160.71,120,88,73.3
Кабель,4,"ООО ""ЭлектроМир-36""",9692833459,A,139051392.05,82,1.5493,6.9082,8975203160.71,120,88,73.3
Кабель,5,"ООО ""ГаммаПром-22""",5256420704,B,126121210.40,68,1.4052,8.3134,8975203160.71,120,88,73.3
Кабель,6,"ПАО ""ГаммаПром-4 Групп""",1026220989,B,125121077.98,49,1.3941,9.7075,8975203160.71,120,88,73.3
Кабель,7,"ООО ""ЭпсилонТех-29""",1164438269,A,124826086.62,77,1.3908,11.0983,8975203160.71,120,88,73.3
Кабель,8,"АО ""ВолгаТех-1 Групп""",7396573762,B,124052672.14,64,1.3822,12.4804,8975203160.71,120,88,73.3
Кабель,9,"АО ""ТехКомплект-8 Групп""",7408027797,C,115652546.05,67,1.2886,13.7690,8975203160.71,120,88,73.3
Кабель,10,"ИП ""ЭпсилонТех-14 Групп""",7761929248,B,103806257.56,37,1.1566,14.9256,8975203160.71,120,88,73.3
Кабель,11,"ИП ""ЭпсилонТех-51""",2183066432,A,102062423.11,47,1.1372,16.0628,8975203160.71,120,88,73.3
Кабель,12,"ООО ""ДельтаЛогистик-48""",6729556589,B,98068917.21,39,1.0927,17.1554,8975203160.71,120,88,73.3
Кабель,13,"АО ""СтанкоСервис-34""",7614642252,A,96751455.24,39,1.0780,18.2334,8975203160.71,120,88,73.3
Кабель,14,"ПАО ""ЭпсилонТех-72""",1649173005,A,96268466.81,47,1.0726,19.3060,8975203160.71,120,88,73.3
Кабель,15,"ПАО ""Севергруз-69""",5108515536,B,95027859.48,39,1.0588,20.3648,8975203160.71,120,88,73.3
Кабель,16,"ООО ""СибирьОпт-111""",7497322282,A,93786709.05,39,1.0450,21.4098,8975203160.71,120,88,73.3
Кабель,17,"АО ""ТехКомплект-53""",9971592644,A,93627685.94,43,1.0432,22.4529,8975203160.71,120,88,73.3
Кабель,18,"ООО ""СтанкоСервис-87""",9370180664,A,92701053.90,43,1.0329,23.4858,8975203160.71,120,88,73.3
Кабель,19,"ООО ""ТехКомплект-45""",9678016609,C,92327709.94,43,1.0287,24.5145,8975203160.71,120,88,73.3
Кабель,20,"ООО ""ЭпсилонТех-60""",8376759633,B,90877134.64,40,1.0125,25.5270,8975203160.71,120,88,73.3
Кабель,21,"ПАО ""АльфаСнаб-12 Групп""",6224825860,A,90023243.05,43,1.0030,26.5301,8975203160.71,120,88,73.3
Кабель,22,"ПАО ""ГаммаПром-13 Групп""",7679741117,A,89960555.55,42,1.0023,27.5324,8975203160.71,120,88,73.3
Кабель,23,"ИП ""АльфаСнаб-25""",4236183119,C,88120485.88,44,0.9818,28.5142,8975203160.71,120,88,73.3
Кабель,24,"ООО ""БетаТрейд-117""",6534526717,A,87670824.09,43,0.9768,29.4910,8975203160.71,120,88,73.3
Кабель,25,"АО ""ВолгаТех-66""",5944124879,A,87655976.30,35,0.9766,30.4677,8975203160.71,120,88,73.3
Кабель,26,"ИП ""ПромСнаб-75""",6209425602,C,87590746.55,42,0.9759,31.4436,8975203160.71,120,88,73.3
Кабель,27,"ООО ""ЭлектроМир-74""",3183881606,B,87158493.00,42,0.9711,32.4147,8975203160.71,120,88,73.3
Кабель,28,"ООО ""Севергруз-20""",9756965410,B,85610397.28,39,0.9539,33.3685,8975203160.71,120,88,73.3
Кабель,29,"ПАО ""СибирьОпт-63""",5200040610,B,85594728.59,44,0.9537,34.3222,8975203160.71,120,88,73.3
Кабель,30,"ООО ""ВолгаТех-97""",3478634414,A,84605060.52,43,0.9427,35.2649,8975203160.71,120,88,73.3
Кабель,31,"ПАО ""ГидроПром-82""",5486176086,C,82793479.02,42,0.9225,36.1873,8975203160.71,120,88,73.3
Кабель,32,"ИП ""ПромСнаб-30""",9330400329,A,82736928.98,37,0.9218,37.1092,8975203160.71,120,88,73.3
Кабель,33,"АО ""ЭпсилонТех-81""",9318288828,B,82621734.70,42,0.9206,38.0297,8975203160.71,120,88,73.3
Кабель,34,"ПАО ""Севергруз-32""",4848744976,A,81728550.20,37,0.9106,38.9403,8975203160.71,120,88,73.3
Кабель,35,"ИП ""БетаТрейд-27""",9604015376,A,81258488.52,48,0.9054,39.8457,8975203160.71,120,88,73.3
Кабель,36,"АО ""ЭлектроМир-99""",5326315150,B,80328559.01,41,0.8950,40.7407,8975203160.71,120,88,73.3
Кабель,37,"ИП ""ВолгаТех-64""",3967359575,C,78420438.63,43,0.8737,41.6145,8975203160.71,120,88,73.3
Кабель,38,"ПАО ""ЭпсилонТех-16""",3879955568,A,78266790.90,38,0.8720,42.4865,8975203160.71,120,88,73.3
Кабель,39,"АО ""ЭпсилонТех-55""",8870912118,B,78232952.76,36,0.8717,43.3581,8975203160.71,120,88,73.3
Кабель,40,"АО ""ЭлектроМир-101""",5660908709,B,77855030.05,40,0.8674,44.2256,8975203160.71,120,88,73.3
Кабель,41,"ИП ""ТехКомплект-91""",3871944604,C,77819298.22,34,0.8670,45.0926,8975203160.71,120,88,73.3
Кабель,42,"ИП ""ГидроПром-104""",1171278872,A,77216944.89,40,0.8603,45.9530,8975203160.71,120,88,73.3
Кабель,43,"ИП ""Севергруз-120""",6226202468,A,76811599.85,34,0.8558,46.8088,8975203160.71,120,88,73.3
Кабель,44,"ИП ""ТехКомплект-106""",6127484739,C,75969407.49,39,0.8464,47.6552,8975203160.71,120,88,73.3
Кабель,45,"ИП ""ЭлектроМир-26""",3430420654,B,75872876.14,39,0.8454,48.5006,8975203160.71,120,88,73.3
Кабель,46,"ИП ""АльфаСнаб-73""",5550129760,C,75861675.81,40,0.8452,49.3458,8975203160.71,120,88,73.3
Кабель,47,"АО ""МеталлТорг-3 Групп""",9676820827,B,75709720.47,36,0.8435,50.1894,8975203160.71,120,88,73.3
Кабель,48,"ООО ""СибирьОпт-54""",8681026443,A,74089367.50,38,0.8255,51.0149,8975203160.71,120,88,73.3
Кабель,49,"АО ""ВолгаТех-86""",1944444455,C,74087521.32,39,0.8255,51.8403,8975203160.71,120,88,73.3
Кабель,50,"ПАО ""ЭпсилонТех-2 Групп""",1333205446,A,73916640.05,39,0.8236,52.6639,8975203160.71,120,88,73.3
Кабель,51,"ИП ""Севергруз-23""",7661401524,A,73009199.81,40,0.8135,53.4774,8975203160.71,120,88,73.3
Кабель,52,"ПАО ""СибирьОпт-109""",1575720309,B,72256712.12,39,0.8051,54.2824,8975203160.71,120,88,73.3
Кабель,53,"ООО ""ЭлектроМир-110""",9439228389,A,72174806.43,37,0.8042,55.0866,8975203160.71,120,88,73.3
Кабель,54,"АО ""ЭпсилонТех-18""",6168600289,C,71263974.28,40,0.7940,55.8806,8975203160.71,120,88,73.3
Кабель,55,"ИП ""СибирьОпт-103""",4736069149,B,70751307.91,35,0.7883,56.6689,8975203160.71,120,88,73.3
Кабель,56,"ИП ""ПромСнаб-61""",2248071481,C,70537706.20,30,0.7859,57.4548,8975203160.71,120,88,73.3
Кабель,57,"ИП ""БетаТрейд-38""",8757438026,B,70403480.55,36,0.7844,58.2392,8975203160.71,120,88,73.3
Кабель,58,"ООО ""ГидроПром-17""",4885347209,B,69822815.42,34,0.7780,59.0172,8975203160.71,120,88,73.3
Кабель,59,"ООО ""СтанкоСервис-118""",1910495631,A,69644905.39,37,0.7760,59.7931,8975203160.71,120,88,73.3
Кабель,60,"АО ""ВолгаТех-46""",3203403245,C,68692390.94,29,0.7654,60.5585,8975203160.71,120,88,73.3
Кабель,61,"ИП ""СибирьОпт-41""",6345050694,C,68231611.80,34,0.7602,61.3187,8975203160.71,120,88,73.3
Кабель,62,"ИП ""Севергруз-88""",2941331441,C,68036144.35,27,0.7580,62.0768,8975203160.71,120,88,73.3
Кабель,63,"ПАО ""ЭпсилонТех-79""",5889752316,B,67698832.84,38,0.7543,62.8311,8975203160.71,120,88,73.3
Кабель,64,"ПАО ""СтанкоСервис-98""",5150285741,C,67643933.87,43,0.7537,63.5847,8975203160.71,120,88,73.3
Кабель,65,"ИП ""УралДеталь-67""",3838939447,B,67355505.34,33,0.7505,64.3352,8975203160.71,120,88,73.3
Кабель,66,"ИП ""ЭлектроМир-77""",3342574841,B,66601502.37,36,0.7421,65.0773,8975203160.71,120,88,73.3
Кабель,67,"ИП ""СтанкоСервис-114""",6505846279,C,66476862.49,35,0.7407,65.8179,8975203160.71,120,88,73.3
Кабель,68,"ПАО ""ЭлектроМир-57""",7893336702,C,66231683.03,30,0.7379,66.5559,8975203160.71,120,88,73.3
Кабель,69,"АО ""ПромСнаб-62""",6943791863,C,65813552.03,34,0.7333,67.2892,8975203160.71,120,88,73.3
Кабель,70,"АО ""МеталлТорг-70""",2177052301,A,65697495.54,31,0.7320,68.0211,8975203160.71,120,88,73.3
Кабель,71,"ПАО ""СтанкоСервис-113""",9062991254,C,65624394.29,36,0.7312,68.7523,8975203160.71,120,88,73.3
Кабель,72,"ИП ""ГаммаПром-71""",6451166226,A,65364836.90,35,0.7283,69.4806,8975203160.71,120,88,73.3
Кабель,73,"ПАО ""Севергруз-58""",6703117816,B,64569299.53,43,0.7194,70.2000,8975203160.71,120,88,73.3
Кабель,74,"ИП ""АльфаСнаб-19""",6251468548,C,64331846.93,33,0.7168,70.9168,8975203160.71,120,88,73.3
Кабель,75,"ООО ""Севергруз-59""",2876376128,B,64226943.55,32,0.7156,71.6324,8975203160.71,120,88,73.3
Кабель,76,"АО ""ГидроПром-44""",6939000485,C,63467454.63,38,0.7071,72.3395,8975203160.71,120,88,73.3
Кабель,77,"ПАО ""УралДеталь-52""",8347640543,C,63172223.71,32,0.7039,73.0434,8975203160.71,120,88,73.3
Кабель,78,"ИП ""ДельтаЛогистик-9 Групп""",7262793677,A,62564415.92,34,0.6971,73.7405,8975203160.71,120,88,73.3
Кабель,79,"ООО ""СибирьОпт-96""",3940742148,A,62527110.99,31,0.6967,74.4371,8975203160.71,120,88,73.3
Кабель,80,"ООО ""УралДеталь-42""",4305019545,B,62047769.35,34,0.6913,75.1285,8975203160.71,120,88,73.3
Кабель,81,"АО ""ГидроПром-65""",5816509712,A,61764185.65,27,0.6882,75.8166,8975203160.71,120,88,73.3
Кабель,82,"ПАО ""ТехКомплект-94""",5862834378,C,61548702.08,35,0.6858,76.5024,8975203160.71,120,88,73.3
Кабель,83,"ООО ""МеталлТорг-76""",4790839966,A,61119955.35,32,0.6810,77.1834,8975203160.71,120,88,73.3
Кабель,84,"ООО ""МеталлТорг-92""",4707533344,A,61095516.06,35,0.6807,77.8641,8975203160.71,120,88,73.3
Кабель,85,"ПАО ""УралДеталь-112""",9583012527,A,61075986.27,44,0.6805,78.5446,8975203160.71,120,88,73.3
Кабель,86,"ПАО ""АльфаСнаб-89""",2477900690,B,60830748.60,33,0.6778,79.2224,8975203160.71,120,88,73.3
Кабель,87,"ИП ""ТехКомплект-37""",6425784015,A,60778522.63,33,0.6772,79.8995,8975203160.71,120,88,73.3
Кабель,88,"ПАО ""ДельтаЛогистик-7 Групп""",9648479014,B,60725714.73,32,0.6766,80.5761,8975203160.71,120,88,73.3
Кабель,89,"ПАО ""СибирьОпт-24""",6203036487,B,60330340.28,39,0.6722,81.2483,8975203160.71,120,88,73.3
Кабель,90,"ИП ""Севергруз-116""",6916520012,B,60275934.69,44,0.6716,81.9199,8975203160.71,120,88,73.3
Кабель,91,"ПАО ""ВолгаТех-56""",8238363683,C,60242272.07,36,0.6712,82.5911,8975203160.71,120,88,73.3
Кабель,92,"ИП ""УралДеталь-68""",6899330264,C,59880169.46,35,0.6672,83.2583,8975203160.71,120,88,73.3
Кабель,93,"ООО ""АльфаСнаб-35""",1175213575,C,59247725.76,35,0.6601,83.9184,8975203160.71,120,88,73.3
Кабель,94,"АО ""УралДеталь-6 Групп""",8563157612,C,58821042.63,35,0.6554,84.5738,8975203160.71,120,88,73.3
Кабель,95,"ООО ""ПромСнаб-11 Групп""",1268657293,A,58762290.37,33,0.6547,85.2285,8975203160.71,120,88,73.3
Кабель,96,"ИП ""УралДеталь-108""",7199635800,A,58446259.75,36,0.6512,85.8797,8975203160.71,120,88,73.3
Кабель,97,"АО ""ЭлектроМир-47""",4315494031,C,57841748.38,35,0.6445,86.5242,8975203160.71,120,88,73.3
Кабель,98,"ИП ""ДельтаЛогистик-84""",1328957857,B,56980019.21,28,0.6349,87.1590,8975203160.71,120,88,73.3
Кабель,99,"ООО ""СтанкоСервис-100""",2616565262,A,56501717.02,27,0.6295,87.7886,8975203160.71,120,88,73.3
Кабель,100,"АО ""СтанкоСервис-49""",4544937676,C,56200402.61,27,0.6262,88.4147,8975203160.71,120,88,73.3
Кабель,101,"ООО ""БетаТрейд-90""",3281751713,A,56160180.56,31,0.6257,89.0405,8975203160.71,120,88,73.3
Кабель,102,"АО ""АльфаСнаб-105""",4695450688,B,55939926.58,35,0.6233,89.6637,8975203160.71,120,88,73.3
Кабель,103,"ПАО ""БетаТрейд-107""",5096320205,A,55677645.37,30,0.6203,90.2841,8975203160.71,120,88,73.3
Кабель,104,"ИП ""СтанкоСервис-119""",8333128511,A,55451859.04,42,0.6178,90.9019,8975203160.71,120,88,73.3
Кабель,105,"ООО ""ДельтаЛогистик-78""",8663952810,C,55364472.19,29,0.6169,91.5188,8975203160.71,120,88,73.3
Кабель,106,"ПАО ""ЭлектроМир-83""",9385317786,C,55172629.46,27,0.6147,92.1335,8975203160.71,120,88,73.3
Кабель,107,"ПАО ""ГаммаПром-21""",5510509420,A,55071387.61,36,0.6136,92.7471,8975203160.71,120,88,73.3
Кабель,108,"АО ""МеталлТорг-115""",4054258644,C,54836229.10,30,0.6110,93.3581,8975203160.71,120,88,73.3
Кабель,109,"ИП ""Севергруз-5 Групп""",9354187804,A,54175487.55,29,0.6036,93.9617,8975203160.71,120,88,73.3
Кабель,110,"ПАО ""ЭпсилонТех-31""",3498810138,C,54028248.47,25,0.6020,94.5636,8975203160.71,120,88,73.3
Кабель,111,"ООО ""СибирьОпт-102""",4129682292,C,53966101.48,33,0.6013,95.1649,8975203160.71,120,88,73.3
Кабель,112,"ИП ""СибирьОпт-80""",2616661404,C,52486376.09,35,0.5848,95.7497,8975203160.71,120,88,73.3
Кабель,113,"АО ""ГаммаПром-33""",9026027108,C,51957630.84,34,0.5789,96.3286,8975203160.71,120,88,73.3
Кабель,114,"ИП ""БетаТрейд-28""",7605742304,A,50395282.85,32,0.5615,96.8901,8975203160.71,120,88,73.3
Кабель,115,"АО ""ВолгаТех-39""",9762292597,A,48925382.63,27,0.5451,97.4352,8975203160.71,120,88,73.3
Кабель,116,"АО ""УралДеталь-93""",8269858197,A,48915844.15,31,0.5450,97.9802,8975203160.71,120,88,73.3
Кабель,117,"ООО ""ПромСнаб-85""",1381538527,B,48186308.54,28,0.5369,98.5171,8975203160.71,120,88,73.3
Кабель,118,"ИП ""УралДеталь-40""",6947562940,A,47896068.17,26,0.5336,99.0508,8975203160.71,120,88,73.3
Кабель,119,"ПАО ""ЭлектроМир-95""",4893091195,B,46820199.58,38,0.5217,99.5724,8975203160.71,120,88,73.3
Кабель,120,"ПАО ""ГидроПром-10 Групп""",4025236040,A,38374278.65,27,0.4276,100.0000,8975203160.71,120,88,73.3
Крепёж,1,"ООО ""ГидроПром-50""",5386956634,C,195622176.67,106,1.9937,1.9937,9812056361.69,120,86,71.7
Крепёж,2,"ООО ""ВолгаТех-43""",6824546805,B,161262503.15,86,1.6435,3.6372,9812056361.69,120,86,71.7
Крепёж,3,"ООО ""ЭлектроМир-36""",9692833459,A,155163394.55,100,1.5814,5.2186,9812056361.69,120,86,71.7
Крепёж,4,"АО ""ВолгаТех-1 Групп""",7396573762,B,154884932.45,79,1.5785,6.7971,9812056361.69,120,86,71.7
Крепёж,5,"ООО ""ГидроПром-15 Групп""",3556215410,C,151048044.56,79,1.5394,8.3365,9812056361.69,120,86,71.7
Крепёж,6,"АО ""ТехКомплект-8 Групп""",7408027797,C,147430622.37,83,1.5025,9.8390,9812056361.69,120,86,71.7
Крепёж,7,"ИП ""ВолгаТех-64""",3967359575,C,146513815.37,63,1.4932,11.3322,9812056361.69,120,86,71.7
Крепёж,8,"ООО ""ГаммаПром-22""",5256420704,B,146359011.26,83,1.4916,12.8239,9812056361.69,120,86,71.7
Крепёж,9,"ООО ""ЭпсилонТех-29""",1164438269,A,125407301.53,76,1.2781,14.1020,9812056361.69,120,86,71.7
Крепёж,10,"ПАО ""ГаммаПром-13 Групп""",7679741117,A,113648308.93,58,1.1583,15.2602,9812056361.69,120,86,71.7
Крепёж,11,"ООО ""Севергруз-20""",9756965410,B,112723760.52,40,1.1488,16.4090,9812056361.69,120,86,71.7
Крепёж,12,"ПАО ""СтанкоСервис-113""",9062991254,C,106517873.25,47,1.0856,17.4946,9812056361.69,120,86,71.7
Крепёж,13,"ООО ""ЭлектроМир-110""",9439228389,A,104568617.23,53,1.0657,18.5603,9812056361.69,120,86,71.7
Крепёж,14,"ИП ""ПромСнаб-30""",9330400329,A,103844433.55,69,1.0583,19.6187,9812056361.69,120,86,71.7
Крепёж,15,"ИП ""ЭпсилонТех-51""",2183066432,A,103044672.52,49,1.0502,20.6689,9812056361.69,120,86,71.7
Крепёж,16,"ООО ""СибирьОпт-96""",3940742148,A,102507605.20,43,1.0447,21.7136,9812056361.69,120,86,71.7
Крепёж,17,"ПАО ""ГидроПром-82""",5486176086,C,102004329.32,53,1.0396,22.7531,9812056361.69,120,86,71.7
Крепёж,18,"ООО ""БетаТрейд-90""",3281751713,A,101740440.75,46,1.0369,23.7900,9812056361.69,120,86,71.7
Крепёж,19,"ПАО ""СибирьОпт-109""",1575720309,B,99941718.38,44,1.0186,24.8086,9812056361.69,120,86,71.7
Крепёж,20,"ИП ""СибирьОпт-41""",6345050694,C,98870114.31,49,1.0076,25.8162,9812056361.69,120,86,71.7
Крепёж,21,"ПАО ""УралДеталь-52""",8347640543,C,98522656.11,46,1.0041,26.8203,9812056361.69,120,86,71.7
Крепёж,22,"АО ""ГаммаПром-33""",9026027108,C,96865697.65,43,0.9872,27.8075,9812056361.69,120,86,71.7
Крепёж,23,"АО ""ВолгаТех-39""",9762292597,A,95977575.02,44,0.9782,28.7857,9812056361.69,120,86,71.7
Крепёж,24,"ИП ""ГидроПром-104""",1171278872,A,95391172.76,55,0.9722,29.7579,9812056361.69,120,86,71.7
Крепёж,25,"ООО ""МеталлТорг-92""",4707533344,A,94074610.14,42,0.9588,30.7167,9812056361.69,120,86,71.7
Крепёж,26,"ООО ""ГидроПром-17""",4885347209,B,93899441.28,43,0.9570,31.6736,9812056361.69,120,86,71.7
Крепёж,27,"ИП ""ТехКомплект-91""",3871944604,C,93497862.30,41,0.9529,32.6265,9812056361.69,120,86,71.7
Крепёж,28,"ИП ""УралДеталь-67""",3838939447,B,93322235.81,53,0.9511,33.5776,9812056361.69,120,86,71.7
Крепёж,29,"АО ""ЭпсилонТех-81""",9318288828,B,93091490.34,43,0.9487,34.5264,9812056361.69,120,86,71.7
Крепёж,30,"ПАО ""ГаммаПром-21""",5510509420,A,91522472.33,43,0.9328,35.4591,9812056361.69,120,86,71.7
Крепёж,31,"ПАО ""УралДеталь-112""",9583012527,A,90231374.79,42,0.9196,36.3787,9812056361.69,120,86,71.7
Крепёж,32,"ИП ""Севергруз-23""",7661401524,A,90075449.64,42,0.9180,37.2967,9812056361.69,120,86,71.7
Крепёж,33,"ООО ""ПромСнаб-11 Групп""",1268657293,A,89442096.87,47,0.9116,38.2083,9812056361.69,120,86,71.7
Крепёж,34,"ООО ""ТехКомплект-45""",9678016609,C,89187658.99,48,0.9090,39.1172,9812056361.69,120,86,71.7
Крепёж,35,"ООО ""БетаТрейд-117""",6534526717,A,89139103.89,44,0.9085,40.0257,9812056361.69,120,86,71.7
Крепёж,36,"ПАО ""ЭпсилонТех-16""",3879955568,A,87416900.61,48,0.8909,40.9166,9812056361.69,120,86,71.7
Крепёж,37,"АО ""ГидроПром-44""",6939000485,C,87415838.30,38,0.8909,41.8075,9812056361.69,120,86,71.7
Крепёж,38,"АО ""СтанкоСервис-49""",4544937676,C,87141763.19,38,0.8881,42.6956,9812056361.69,120,86,71.7
Крепёж,39,"ИП ""Севергруз-5 Групп""",9354187804,A,86830594.31,48,0.8849,43.5806,9812056361.69,120,86,71.7
Крепёж,40,"ИП ""УралДеталь-68""",6899330264,C,86207789.12,41,0.8786,44.4592,9812056361.69,120,86,71.7
Крепёж,41,"АО ""ТехКомплект-53""",9971592644,A,85673866.54,39,0.8731,45.3323,9812056361.69,120,86,71.7
Крепёж,42,"ПАО ""ВолгаТех-56""",8238363683,C,85310436.84,45,0.8694,46.2018,9812056361.69,120,86,71.7
Крепёж,43,"ПАО ""ЭпсилонТех-2 Групп""",1333205446,A,85142638.64,46,0.8677,47.0695,9812056361.69,120,86,71.7
Крепёж,44,"ПАО ""СибирьОпт-63""",5200040610,B,84894239.07,43,0.8652,47.9347,9812056361.69,120,86,71.7
Крепёж,45,"ПАО ""СтанкоСервис-98""",5150285741,C,84754855.36,48,0.8638,48.7985,9812056361.69,120,86,71.7
Крепёж,46,"ИП ""ТехКомплект-37""",6425784015,A,84562290.70,48,0.8618,49.6603,9812056361.69,120,86,71.7
Крепёж,47,"ООО ""СтанкоСервис-100""",2616565262,A,84031729.35,37,0.8564,50.5167,9812056361.69,120,86,71.7
Крепёж,48,"ООО ""СибирьОпт-102""",4129682292,C,82016165.78,41,0.8359,51.3526,9812056361.69,120,86,71.7
Крепёж,49,"ООО ""ДельтаЛогистик-48""",6729556589,B,81556231.02,43,0.8312,52.1838,9812056361.69,120,86,71.7
Крепёж,50,"ИП ""ДельтаЛогистик-84""",1328957857,B,81434069.91,49,0.8299,53.0137,9812056361.69,120,86,71.7
Крепёж,51,"АО ""МеталлТорг-115""",4054258644,C,81106850.61,37,0.8266,53.8403,9812056361.69,120,86,71.7
Крепёж,52,"ИП ""АльфаСнаб-25""",4236183119,C,81027209.02,56,0.8258,54.6661,9812056361.69,120,86,71.7
Крепёж,53,"ПАО ""Севергруз-69""",5108515536,B,80933616.35,42,0.8248,55.4909,9812056361.69,120,86,71.7
Крепёж,54,"ПАО ""БетаТрейд-107""",5096320205,A,80885066.85,42,0.8243,56.3153,9812056361.69,120,86,71.7
Крепёж,55,"ООО ""ЭпсилонТех-60""",8376759633,B,80837879.51,35,0.8239,57.1391,9812056361.69,120,86,71.7
Крепёж,56,"ИП ""СибирьОпт-103""",4736069149,B,80527014.83,42,0.8207,57.9598,9812056361.69,120,86,71.7
Крепёж,57,"ПАО ""ГаммаПром-4 Групп""",1026220989,B,80510888.21,40,0.8205,58.7804,9812056361.69,120,86,71.7
Крепёж,58,"ПАО ""АльфаСнаб-89""",2477900690,B,80443773.78,40,0.8198,59.6002,9812056361.69,120,86,71.7
Крепёж,59,"АО ""ВолгаТех-66""",5944124879,A,80244914.84,41,0.8178,60.4180,9812056361.69,120,86,71.7
Крепёж,60,"ИП ""ПромСнаб-75""",6209425602,C,79205283.67,41,0.8072,61.2253,9812056361.69,120,86,71.7
Крепёж,61,"ПАО ""Севергруз-32""",4848744976,A,78196555.43,36,0.7969,62.0222,9812056361.69,120,86,71.7
Крепёж,62,"ИП ""БетаТрейд-38""",8757438026,B,77683318.83,48,0.7917,62.8139,9812056361.69,120,86,71.7
Крепёж,63,"ПАО ""СибирьОпт-24""",6203036487,B,77487177.99,40,0.7897,63.6036,9812056361.69,120,86,71.7
Крепёж,64,"ООО ""ДельтаЛогистик-78""",8663952810,C,77383411.01,37,0.7887,64.3923,9812056361.69,120,86,71.7
Крепёж,65,"ПАО ""ТехКомплект-94""",5862834378,C,76621622.95,35,0.7809,65.1732,9812056361.69,120,86,71.7
Крепёж,66,"АО ""АльфаСнаб-105""",4695450688,B,76142120.85,43,0.7760,65.9492,9812056361.69,120,86,71.7
Крепёж,67,"ИП ""ЭлектроМир-26""",3430420654,B,76123478.15,37,0.7758,66.7250,9812056361.69,120,86,71.7
Крепёж,68,"АО ""МеталлТорг-3 Групп""",9676820827,B,75517614.51,40,0.7696,67.4946,9812056361.69,120,86,71.7
Крепёж,69,"АО ""ЭлектроМир-47""",4315494031,C,75470592.29,41,0.7692,68.2638,9812056361.69,120,86,71.7
Крепёж,70,"ООО ""ВолгаТех-97""",3478634414,A,75433712.91,38,0.7688,69.0326,9812056361.69,120,86,71.7
Крепёж,71,"ПАО ""АльфаСнаб-12 Групп""",6224825860,A,74782515.26,33,0.7621,69.7947,9812056361.69,120,86,71.7
Крепёж,72,"ООО ""УралДеталь-42""",4305019545,B,74618597.44,37,0.7605,70.5552,9812056361.69,120,86,71.7
Крепёж,73,"ООО ""АльфаСнаб-35""",1175213575,C,74299381.62,34,0.7572,71.3124,9812056361.69,120,86,71.7
Крепёж,74,"ПАО ""ЭлектроМир-57""",7893336702,C,74034023.16,46,0.7545,72.0670,9812056361.69,120,86,71.7
Крепёж,75,"ПАО ""ЭпсилонТех-31""",3498810138,C,73021033.52,34,0.7442,72.8112,9812056361.69,120,86,71.7
Крепёж,76,"ИП ""Севергруз-116""",6916520012,B,72583985.21,36,0.7397,73.5509,9812056361.69,120,86,71.7
Крепёж,77,"ПАО ""ГидроПром-10 Групп""",4025236040,A,71953013.40,42,0.7333,74.2842,9812056361.69,120,86,71.7
Крепёж,78,"ИП ""УралДеталь-108""",7199635800,A,70741178.12,43,0.7210,75.0052,9812056361.69,120,86,71.7
Крепёж,79,"ПАО ""ЭлектроМир-83""",9385317786,C,70463014.33,32,0.7181,75.7233,9812056361.69,120,86,71.7
Крепёж,80,"АО ""ВолгаТех-86""",1944444455,C,70434689.63,44,0.7178,76.4411,9812056361.69,120,86,71.7
Крепёж,81,"АО ""ПромСнаб-62""",6943791863,C,69809169.36,39,0.7115,77.1526,9812056361.69,120,86,71.7
Крепёж,82,"ООО ""СтанкоСервис-118""",1910495631,A,69446899.02,33,0.7078,77.8604,9812056361.69,120,86,71.7
Крепёж,83,"АО ""УралДеталь-6 Групп""",8563157612,C,69388981.03,32,0.7072,78.5676,9812056361.69,120,86,71.7
Крепёж,84,"ООО ""СибирьОпт-54""",8681026443,A,68746500.32,40,0.7006,79.2682,9812056361.69,120,86,71.7
Крепёж,85,"АО ""ЭпсилонТех-18""",6168600289,C,67786186.14,44,0.6908,79.9590,9812056361.69,120,86,71.7
Крепёж,86,"ПАО ""ДельтаЛогистик-7 Групп""",9648479014,B,67748091.96,43,0.6905,80.6495,9812056361.69,120,86,71.7
Крепёж,87,"ООО ""СтанкоСервис-87""",9370180664,A,67396986.29,38,0.6869,81.3364,9812056361.69,120,86,71.7
Крепёж,88,"ИП ""СтанкоСервис-114""",6505846279,C,67240428.17,36,0.6853,82.0217,9812056361.69,120,86,71.7
Крепёж,89,"ООО ""ПромСнаб-85""",1381538527,B,67176596.61,28,0.6846,82.7063,9812056361.69,120,86,71.7
Крепёж,90,"ПАО ""ЭпсилонТех-79""",5889752316,B,66835299.14,30,0.6812,83.3874,9812056361.69,120,86,71.7
Крепёж,91,"АО ""СтанкоСервис-34""",7614642252,A,66688001.24,35,0.6797,84.0671,9812056361.69,120,86,71.7
Крепёж,92,"ИП ""Севергруз-120""",6226202468,A,65207433.55,29,0.6646,84.7317,9812056361.69,120,86,71.7
Крепёж,93,"ИП ""ГаммаПром-71""",6451166226,A,65032300.17,30,0.6628,85.3944,9812056361.69,120,86,71.7
Крепёж,94,"ПАО ""Севергруз-58""",6703117816,B,65019010.80,37,0.6626,86.0571,9812056361.69,120,86,71.7
Крепёж,95,"АО ""ЭпсилонТех-55""",8870912118,B,64350704.08,36,0.6558,86.7129,9812056361.69,120,86,71.7
Крепёж,96,"АО ""ГидроПром-65""",5816509712,A,63210626.42,42,0.6442,87.3571,9812056361.69,120,86,71.7
Крепёж,97,"ИП ""АльфаСнаб-19""",6251468548,C,62595470.21,37,0.6379,87.9951,9812056361.69,120,86,71.7
Крепёж,98,"ООО ""ЭлектроМир-74""",3183881606,B,62433684.34,35,0.6363,88.6314,9812056361.69,120,86,71.7
Крепёж,99,"ИП ""СибирьОпт-80""",2616661404,C,61206568.38,37,0.6238,89.2552,9812056361.69,120,86,71.7
Крепёж,100,"ИП ""СтанкоСервис-119""",8333128511,A,60803472.47,40,0.6197,89.8748,9812056361.69,120,86,71.7
Крепёж,101,"ПАО ""ЭлектроМир-95""",4893091195,B,60770719.78,27,0.6193,90.4942,9812056361.69,120,86,71.7
Крепёж,102,"ИП ""Севергруз-88""",2941331441,C,59342545.22,31,0.6048,91.0990,9812056361.69,120,86,71.7
Крепёж,103,"ИП ""АльфаСнаб-73""",5550129760,C,58574922.81,35,0.5970,91.6959,9812056361.69,120,86,71.7
Крепёж,104,"ИП ""БетаТрейд-27""",9604015376,A,58014108.81,32,0.5913,92.2872,9812056361.69,120,86,71.7
Крепёж,105,"ООО ""СибирьОпт-111""",7497322282,A,55316301.68,31,0.5638,92.8510,9812056361.69,120,86,71.7
Крепёж,106,"АО ""МеталлТорг-70""",2177052301,A,52883760.11,28,0.5390,93.3899,9812056361.69,120,86,71.7
Крепёж,107,"ООО ""Севергруз-59""",2876376128,B,51867272.79,33,0.5286,93.9185,9812056361.69,120,86,71.7
Крепёж,108,"ИП ""ДельтаЛогистик-9 Групп""",7262793677,A,51251365.59,31,0.5223,94.4409,9812056361.69,120,86,71.7
Крепёж,109,"ИП ""БетаТрейд-28""",7605742304,A,50946834.86,29,0.5192,94.9601,9812056361.69,120,86,71.7
Крепёж,110,"ИП ""ЭлектроМир-77""",3342574841,B,50914827.08,32,0.5189,95.4790,9812056361.69,120,86,71.7
Крепёж,111,"ИП ""УралДеталь-40""",6947562940,A,50597800.46,33,0.5157,95.9947,9812056361.69,120,86,71.7
Крепёж,112,"АО ""УралДеталь-93""",8269858197,A,50300978.40,36,0.5126,96.5073,9812056361.69,120,86,71.7
Крепёж,113,"ПАО ""ЭпсилонТех-72""",1649173005,A,49116130.51,30,0.5006,97.0079,9812056361.69,120,86,71.7
Крепёж,114,"АО ""ЭлектроМир-101""",5660908709,B,49052717.78,25,0.4999,97.5078,9812056361.69,120,86,71.7
Крепёж,115,"ИП ""ЭпсилонТех-14 Групп""",7761929248,B,47783188.45,27,0.4870,97.9948,9812056361.69,120,86,71.7
Крепёж,116,"ИП ""ПромСнаб-61""",2248071481,C,47354542.80,30,0.4826,98.4774,9812056361.69,120,86,71.7
Крепёж,117,"ИП ""ТехКомплект-106""",6127484739,C,39455600.40,26,0.4021,98.8795,9812056361.69,120,86,71.7
Крепёж,118,"АО ""ЭлектроМир-99""",5326315150,B,39447959.27,23,0.4020,99.2815,9812056361.69,120,86,71.7
Крепёж,119,"ООО ""МеталлТорг-76""",4790839966,A,36353349.16,24,0.3705,99.6520,9812056361.69,120,86,71.7
Крепёж,120,"АО ""ВолгаТех-46""",3203403245,C,34141509.26,26,0.3480,100.0000,9812056361.69,120,86,71.7
Насосы,1,"ООО ""ЭпсилонТех-29""",1164438269,A,167547445.94,80,1.9907,1.9907,8416450524.90,120,86,71.7
Насосы,2,"ООО ""ГидроПром-50""",5386956634,C,163046193.52,78,1.9372,3.9279,8416450524.90,120,86,71.7
Насосы,3,"АО ""ВолгаТех-1 Групп""",7396573762,B,155721900.81,69,1.8502,5.7782,8416450524.90,120,86,71.7
Насосы,4,"ООО ""ГидроПром-15 Групп""",3556215410,C,140129119.98,80,1.6649,7.4431,8416450524.90,120,86,71.7
Насосы,5,"АО ""ТехКомплект-8 Групп""",7408027797,C,137695865.84,76,1.6360,9.0791,8416450524.90,120,86,71.7
Насосы,6,"ООО ""ЭлектроМир-36""",9692833459,A,119743444.87,76,1.4227,10.5019,8416450524.90,120,86,71.7
Насосы,7,"ООО ""ВолгаТех-43""",6824546805,B,115537948.49,67,1.3728,11.8746,8416450524.90,120,86,71.7
Насосы,8,"ИП ""АльфаСнаб-25""",4236183119,C,106025407.71,45,1.2597,13.1344,8416450524.90,120,86,71.7
Насосы,9,"ООО ""ГаммаПром-22""",5256420704,B,105971168.17,58,1.2591,14.3935,8416450524.90,120,86,71.7
Насосы,10,"АО ""ГаммаПром-33""",9026027108,C,103073459.60,43,1.2247,15.6181,8416450524.90,120,86,71.7
Насосы,11,"ИП ""ВолгаТех-64""",3967359575,C,102382229.97,43,1.2165,16.8346,8416450524.90,120,86,71.7
Насосы,12,"ИП ""ЭпсилонТех-51""",2183066432,A,102253329.65,49,1.2149,18.0495,8416450524.90,120,86,71.7
Насосы,13,"ИП ""ГидроПром-104""",1171278872,A,97586716.71,38,1.1595,19.2090,8416450524.90,120,86,71.7
Насосы,14,"ООО ""ГидроПром-17""",4885347209,B,94757075.41,47,1.1259,20.3348,8416450524.90,120,86,71.7
Насосы,15,"ООО ""БетаТрейд-90""",3281751713,A,92566266.94,43,1.0998,21.4347,8416450524.90,120,86,71.7
Насосы,16,"АО ""СтанкоСервис-34""",7614642252,A,90431270.64,44,1.0745,22.5091,8416450524.90,120,86,71.7
Насосы,17,"ПАО ""ГаммаПром-13 Групп""",7679741117,A,90054846.08,40,1.0700,23.5791,8416450524.90,120,86,71.7
Насосы,18,"АО ""МеталлТорг-115""",4054258644,C,89144652.74,49,1.0592,24.6383,8416450524.90,120,86,71.7
Насосы,19,"ООО ""ЭпсилонТех-60""",8376759633,B,88773113.67,50,1.0548,25.6930,8416450524.90,120,86,71.7
Насосы,20,"ООО ""АльфаСнаб-35""",1175213575,C,86710956.56,39,1.0303,26.7233,8416450524.90,120,86,71.7
Насосы,21,"АО ""ВолгаТех-66""",5944124879,A,86265978.94,44,1.0250,27.7483,8416450524.90,120,86,71.7
Насосы,22,"ООО ""БетаТрейд-117""",6534526717,A,83503508.61,37,0.9921,28.7404,8416450524.90,120,86,71.7
Насосы,23,"ООО ""СибирьОпт-54""",8681026443,A,81408370.42,39,0.9673,29.7077,8416450524.90,120,86,71.7
Насосы,24,"ИП ""СтанкоСервис-119""",8333128511,A,81160869.28,39,0.9643,30.6720,8416450524.90,120,86,71.7
Насосы,25,"ИП ""ЭпсилонТех-14 Групп""",7761929248,B,79890890.72,32,0.9492,31.6212,8416450524.90,120,86,71.7
Насосы,26,"ООО ""ВолгаТех-97""",3478634414,A,79682566.73,42,0.9467,32.5679,8416450524.90,120,86,71.7
Насосы,27,"ИП ""УралДеталь-68""",6899330264,C,79520017.57,42,0.9448,33.5128,8416450524.90,120,86,71.7
Насосы,28,"ИП ""ГаммаПром-71""",6451166226,A,78059392.23,38,0.9275,34.4402,8416450524.90,120,86,71.7
Насосы,29,"ПАО ""ДельтаЛогистик-7 Групп""",9648479014,B,78005652.80,38,0.9268,35.3670,8416450524.90,120,86,71.7
Насосы,30,"ИП ""СибирьОпт-41""",6345050694,C,77704963.13,34,0.9233,36.2903,8416450524.90,120,86,71.7
Насосы,31,"ООО ""ПромСнаб-11 Групп""",1268657293,A,77328867.43,43,0.9188,37.2091,8416450524.90,120,86,71.7
Насосы,32,"ООО ""СибирьОпт-102""",4129682292,C,77130015.11,26,0.9164,38.1255,8416450524.90,120,86,71.7
Насосы,33,"ООО ""ПромСнаб-85""",1381538527,B,75570133.69,34,0.8979,39.0234,8416450524.90,120,86,71.7
Насосы,34,"ИП ""ПромСнаб-61""",2248071481,C,74859582.25,34,0.8894,39.9128,8416450524.90,120,86,71.7
Насосы,35,"ПАО ""ЭлектроМир-57""",7893336702,C,74264292.05,34,0.8824,40.7952,8416450524.90,120,86,71.7
Насосы,36,"ПАО ""УралДеталь-112""",9583012527,A,74236854.31,36,0.8820,41.6772,8416450524.90,120,86,71.7
Насосы,37,"АО ""УралДеталь-6 Групп""",8563157612,C,74234496.50,36,0.8820,42.5593,8416450524.90,120,86,71.7
Насосы,38,"АО ""СтанкоСервис-49""",4544937676,C,74031834.07,37,0.8796,43.4389,8416450524.90,120,86,71.7
Насосы,39,"ПАО ""УралДеталь-52""",8347640543,C,73956157.47,39,0.8787,44.3176,8416450524.90,120,86,71.7
Насосы,40,"ПАО ""ГаммаПром-4 Групп""",1026220989,B,73879990.00,35,0.8778,45.1954,8416450524.90,120,86,71.7
Насосы,41,"АО ""МеталлТорг-70""",2177052301,A,73792561.90,36,0.8768,46.0721,8416450524.90,120,86,71.7
Насосы,42,"ИП ""АльфаСнаб-19""",6251468548,C,72559926.54,38,0.8621,46.9343,8416450524.90,120,86,71.7
Насосы,43,"ПАО ""ЭпсилонТех-79""",5889752316,B,72341098.25,40,0.8595,47.7938,8416450524.90,120,86,71.7
Насосы,44,"ПАО ""Севергруз-32""",4848744976,A,72168841.43,36,0.8575,48.6513,8416450524.90,120,86,71.7
Насосы,45,"ИП ""УралДеталь-108""",7199635800,A,71361133.49,49,0.8479,49.4991,8416450524.90,120,86,71.7
Насосы,46,"ООО ""ЭлектроМир-74""",3183881606,B,70979135.24,37,0.8433,50.3425,8416450524.90,120,86,71.7
Насосы,47,"ПАО ""ГидроПром-82""",5486176086,C,70247925.31,42,0.8347,51.1771,8416450524.90,120,86,71.7
Насосы,48,"АО ""ГидроПром-44""",6939000485,C,69928041.54,33,0.8308,52.0080,8416450524.90,120,86,71.7
Насосы,49,"ПАО ""Севергруз-58""",6703117816,B,69641026.45,34,0.8274,52.8354,8416450524.90,120,86,71.7
Насосы,50,"ИП ""ТехКомплект-37""",6425784015,A,69487731.11,43,0.8256,53.6610,8416450524.90,120,86,71.7
Насосы,51,"ООО ""ЭлектроМир-110""",9439228389,A,68842665.42,36,0.8180,54.4790,8416450524.90,120,86,71.7
Насосы,52,"ПАО ""СтанкоСервис-98""",5150285741,C,68771828.69,35,0.8171,55.2961,8416450524.90,120,86,71.7
Насосы,53,"ПАО ""ТехКомплект-94""",5862834378,C,68569659.47,34,0.8147,56.1108,8416450524.90,120,86,71.7
Насосы,54,"АО ""ЭлектроМир-101""",5660908709,B,68402176.49,32,0.8127,56.9235,8416450524.90,120,86,71.7
Насосы,55,"ИП ""СибирьОпт-80""",2616661404,C,67591868.10,28,0.8031,57.7266,8416450524.90,120,86,71.7
Насосы,56,"ПАО ""ГидроПром-10 Групп""",4025236040,A,67458115.04,37,0.8015,58.5281,8416450524.90,120,86,71.7
Насосы,57,"ПАО ""ЭпсилонТех-2 Групп""",1333205446,A,65452009.09,36,0.7777,59.3058,8416450524.90,120,86,71.7
Насосы,58,"ПАО ""ЭлектроМир-83""",9385317786,C,65441282.53,33,0.7775,60.0833,8416450524.90,120,86,71.7
Насосы,59,"ООО ""СибирьОпт-111""",7497322282,A,65167181.35,35,0.7743,60.8576,8416450524.90,120,86,71.7
Насосы,60,"ИП ""ЭлектроМир-26""",3430420654,B,65119268.20,38,0.7737,61.6313,8416450524.90,120,86,71.7
Насосы,61,"ИП ""Севергруз-116""",6916520012,B,64780841.58,34,0.7697,62.4010,8416450524.90,120,86,71.7
Насосы,62,"АО ""ЭлектроМир-99""",5326315150,B,64709235.86,41,0.7688,63.1699,8416450524.90,120,86,71.7
Насосы,63,"ПАО ""АльфаСнаб-89""",2477900690,B,64614527.05,39,0.7677,63.9376,8416450524.90,120,86,71.7
Насосы,64,"АО ""ВолгаТех-86""",1944444455,C,64213269.90,36,0.7629,64.7005,8416450524.90,120,86,71.7
Насосы,65,"ПАО ""СибирьОпт-24""",6203036487,B,63838817.87,32,0.7585,65.4590,8416450524.90,120,86,71.7
Насосы,66,"ООО ""СтанкоСервис-118""",1910495631,A,63128602.04,35,0.7501,66.2091,8416450524.90,120,86,71.7
Насосы,67,"ПАО ""ГаммаПром-21""",5510509420,A,63114071.98,35,0.7499,66.9590,8416450524.90,120,86,71.7
Насосы,68,"АО ""ЭпсилонТех-18""",6168600289,C,62903739.54,36,0.7474,67.7064,8416450524.90,120,86,71.7
Насосы,69,"ИП ""ПромСнаб-30""",9330400329,A,62275252.30,39,0.7399,68.4463,8416450524.90,120,86,71.7
Насосы,70,"АО ""МеталлТорг-3 Групп""",9676820827,B,62235643.65,33,0.7395,69.1857,8416450524.90,120,86,71.7
Насосы,71,"ООО ""МеталлТорг-92""",4707533344,A,62142047.48,37,0.7383,69.9241,8416450524.90,120,86,71.7
Насосы,72,"ООО ""СтанкоСервис-87""",9370180664,A,62107711.22,35,0.7379,70.6620,8416450524.90,120,86,71.7
Насосы,73,"АО ""ЭлектроМир-47""",4315494031,C,62007028.69,36,0.7367,71.3988,8416450524.90,120,86,71.7
Насосы,74,"ИП ""ДельтаЛогистик-9 Групп""",7262793677,A,61288388.99,37,0.7282,72.1270,8416450524.90,120,86,71.7
Насосы,75,"ИП ""СтанкоСервис-114""",6505846279,C,60717671.40,32,0.7214,72.8484,8416450524.90,120,86,71.7
Насосы,76,"АО ""ТехКомплект-53""",9971592644,A,60529160.75,34,0.7192,73.5675,8416450524.90,120,86,71.7
Насосы,77,"ПАО ""ЭпсилонТех-72""",1649173005,A,60456208.34,38,0.7183,74.2859,8416450524.90,120,86,71.7
Насосы,78,"ООО ""УралДеталь-42""",4305019545,B,60235105.81,33,0.7157,75.0015,8416450524.90,120,86,71.7
Насосы,79,"ИП ""АльфаСнаб-73""",5550129760,C,60198079.64,39,0.7152,75.7168,8416450524.90,120,86,71.7
Насосы,80,"АО ""ГидроПром-65""",5816509712,A,59683731.78,32,0.7091,76.4259,8416450524.90,120,86,71.7
Насосы,81,"ООО ""Севергруз-20""",9756965410,B,59196967.06,29,0.7033,77.1293,8416450524.90,120,86,71.7
Насосы,82,"ИП ""Севергруз-88""",2941331441,C,58623730.04,34,0.6965,77.8258,8416450524.90,120,86,71.7
Насосы,83,"АО ""УралДеталь-93""",8269858197,A,58378015.37,26,0.6936,78.5194,8416450524.90,120,86,71.7
Насосы,84,"АО ""АльфаСнаб-105""",4695450688,B,57592979.74,39,0.6843,79.2037,8416450524.90,120,86,71.7
Насосы,85,"ПАО ""ЭпсилонТех-16""",3879955568,A,56943962.83,37,0.6766,79.8803,8416450524.90,120,86,71.7
Насосы,86,"ПАО ""ВолгаТех-56""",8238363683,C,56486726.01,31,0.6711,80.5514,8416450524.90,120,86,71.7
Насосы,87,"ПАО ""ЭлектроМир-95""",4893091195,B,56370007.97,33,0.6698,81.2212,8416450524.90,120,86,71.7
Насосы,88,"ПАО ""СибирьОпт-109""",1575720309,B,56081992.63,27,0.6663,81.8875,8416450524.90,120,86,71.7
Насосы,89,"ИП ""УралДеталь-67""",3838939447,B,54966291.58,33,0.6531,82.5406,8416450524.90,120,86,71.7
Насосы,90,"ИП ""Севергруз-120""",6226202468,A,54733611.90,28,0.6503,83.1909,8416450524.90,120,86,71.7
Насосы,91,"ИП ""ПромСнаб-75""",6209425602,C,54361409.83,26,0.6459,83.8368,8416450524.90,120,86,71.7
Насосы,92,"ООО ""СибирьОпт-96""",3940742148,A,54196730.02,39,0.6439,84.4808,8416450524.90,120,86,71.7
Насосы,93,"ИП ""БетаТрейд-28""",7605742304,A,53675739.38,30,0.6377,85.1185,8416450524.90,120,86,71.7
Насосы,94,"ООО ""СтанкоСервис-100""",2616565262,A,53642793.87,28,0.6374,85.7559,8416450524.90,120,86,71.7
Насосы,95,"ИП ""Севергруз-23""",7661401524,A,52482114.99,30,0.6236,86.3794,8416450524.90,120,86,71.7
Насосы,96,"ООО ""ДельтаЛогистик-78""",8663952810,C,52223857.27,31,0.6205,86.9999,8416450524.90,120,86,71.7
Насосы,97,"ПАО ""СтанкоСервис-113""",9062991254,C,52015747.57,24,0.6180,87.6180,8416450524.90,120,86,71.7
Насосы,98,"АО ""ПромСнаб-62""",6943791863,C,51226026.84,34,0.6086,88.2266,8416450524.90,120,86,71.7
Насосы,99,"АО ""ЭпсилонТех-81""",9318288828,B,51006322.42,32,0.6060,88.8326,8416450524.90,120,86,71.7
Насосы,100,"ИП ""УралДеталь-40""",6947562940,A,50619250.16,32,0.6014,89.4341,8416450524.90,120,86,71.7
Насосы,101,"АО ""ВолгаТех-39""",9762292597,A,50234365.96,34,0.5969,90.0309,8416450524.90,120,86,71.7
Насосы,102,"ИП ""Севергруз-5 Групп""",9354187804,A,50105017.98,27,0.5953,90.6262,8416450524.90,120,86,71.7
Насосы,103,"АО ""ЭпсилонТех-55""",8870912118,B,49967420.29,25,0.5937,91.2199,8416450524.90,120,86,71.7
Насосы,104,"ИП ""ТехКомплект-91""",3871944604,C,48401752.44,32,0.5751,91.7950,8416450524.90,120,86,71.7
Насосы,105,"ПАО ""АльфаСнаб-12 Групп""",6224825860,A,48131283.82,28,0.5719,92.3669,8416450524.90,120,86,71.7
Насосы,106,"ИП ""СибирьОпт-103""",4736069149,B,47805375.89,27,0.5680,92.9349,8416450524.90,120,86,71.7
Насосы,107,"ИП ""БетаТрейд-38""",8757438026,B,47603722.09,28,0.5656,93.5005,8416450524.90,120,86,71.7
Насосы,108,"ПАО ""СибирьОпт-63""",5200040610,B,47524357.03,30,0.5647,94.0652,8416450524.90,120,86,71.7
Насосы,109,"ООО ""ДельтаЛогистик-48""",6729556589,B,44755618.09,32,0.5318,94.5969,8416450524.90,120,86,71.7
Насосы,110,"ПАО ""Севергруз-69""",5108515536,B,44690831.56,25,0.5310,95.1279,8416450524.90,120,86,71.7
Насосы,111,"ИП ""ДельтаЛогистик-84""",1328957857,B,44223952.04,25,0.5254,95.6534,8416450524.90,120,86,71.7
Насосы,112,"ПАО ""БетаТрейд-107""",5096320205,A,42976685.99,28,0.5106,96.1640,8416450524.90,120,86,71.7
Насосы,113,"АО ""ВолгаТех-46""",3203403245,C,42577322.75,23,0.5059,96.6699,8416450524.90,120,86,71.7
Насосы,114,"ИП ""ЭлектроМир-77""",3342574841,B,42155779.91,24,0.5009,97.1707,8416450524.90,120,86,71.7
Насосы,115,"ИП ""ТехКомплект-106""",6127484739,C,41002417.10,28,0.4872,97.6579,8416450524.90,120,86,71.7
Насосы,116,"ООО ""МеталлТорг-76""",4790839966,A,40707804.86,26,0.4837,98.1416,8416450524.90,120,86,71.7
Насосы,117,"ООО ""Севергруз-59""",2876376128,B,40601932.17,19,0.4824,98.6240,8416450524.90,120,86,71.7
Насосы,118,"ИП ""БетаТрейд-27""",9604015376,A,39595021.81,26,0.4704,99.0944,8416450524.90,120,86,71.7
Насосы,119,"ПАО ""ЭпсилонТех-31""",3498810138,C,38511633.63,14,0.4576,99.5520,8416450524.90,120,86,71.7
Насосы,120,"ООО ""ТехКомплект-45""",9678016609,C,37704493.85,23,0.4480,100.0000,8416450524.90,120,86,71.7
Не определена,1,"АО ""ТехКомплект-8 Групп""",7408027797,C,84796795.66,45,1.7238,1.7238,4919193650.56,120,82,68.3
Не определена,2,"ООО ""ГаммаПром-22""",5256420704,B,84075497.60,41,1.7091,3.4329,4919193650.56,120,82,68.3
Не определена,3,"АО ""ВолгаТех-1 Групп""",7396573762,B,83768140.88,38,1.7029,5.1358,4919193650.56,120,82,68.3
Не определена,4,"ООО ""ВолгаТех-43""",6824546805,B,82851805.35,42,1.6843,6.8201,4919193650.56,120,82,68.3
Не определена,5,"ИП ""ГидроПром-104""",1171278872,A,80657610.47,32,1.6397,8.4597,4919193650.56,120,82,68.3
Не определена,6,"ООО ""ГидроПром-15 Групп""",3556215410,C,80096739.19,38,1.6282,10.0880,4919193650.56,120,82,68.3
Не определена,7,"АО ""ВолгаТех-86""",1944444455,C,71446966.69,40,1.4524,11.5404,4919193650.56,120,82,68.3
Не определена,8,"ООО ""ЭлектроМир-36""",9692833459,A,70722220.92,42,1.4377,12.9781,4919193650.56,120,82,68.3
Не определена,9,"ООО ""ГидроПром-50""",5386956634,C,69953649.60,45,1.4221,14.4001,4919193650.56,120,82,68.3
Не определена,10,"ИП ""АльфаСнаб-25""",4236183119,C,67068179.61,30,1.3634,15.7635,4919193650.56,120,82,68.3
Не определена,11,"ИП ""Севергруз-116""",6916520012,B,65316532.96,32,1.3278,17.0913,4919193650.56,120,82,68.3
Не определена,12,"ИП ""СибирьОпт-41""",6345050694,C,63798773.76,23,1.2969,18.3882,4919193650.56,120,82,68.3
Не определена,13,"ПАО ""ЭпсилонТех-2 Групп""",1333205446,A,61181726.21,28,1.2437,19.6320,4919193650.56,120,82,68.3
Не определена,14,"АО ""ВолгаТех-39""",9762292597,A,60874235.91,24,1.2375,20.8695,4919193650.56,120,82,68.3
Не определена,15,"ООО ""ЭпсилонТех-29""",1164438269,A,60517419.07,40,1.2302,22.0997,4919193650.56,120,82,68.3
Не определена,16,"ИП ""ПромСнаб-30""",9330400329,A,59821191.52,27,1.2161,23.3158,4919193650.56,120,82,68.3
Не определена,17,"ООО ""Севергруз-59""",2876376128,B,59545441.43,24,1.2105,24.5262,4919193650.56,120,82,68.3
Не определена,18,"ООО ""БетаТрейд-90""",3281751713,A,59275333.80,24,1.2050,25.7312,4919193650.56,120,82,68.3
Не определена,19,"ИП ""ТехКомплект-91""",3871944604,C,57920196.59,23,1.1774,26.9086,4919193650.56,120,82,68.3
Не определена,20,"ИП ""Севергруз-5 Групп""",9354187804,A,55968396.05,25,1.1378,28.0464,4919193650.56,120,82,68.3
Не определена,21,"ООО ""АльфаСнаб-35""",1175213575,C,55496701.82,26,1.1282,29.1746,4919193650.56,120,82,68.3
Не определена,22,"ИП ""БетаТрейд-27""",9604015376,A,55124434.55,28,1.1206,30.2952,4919193650.56,120,82,68.3
Не определена,23,"ООО ""СтанкоСервис-100""",2616565262,A,54439168.70,21,1.1067,31.4018,4919193650.56,120,82,68.3
Не определена,24,"ИП ""СибирьОпт-80""",2616661404,C,52103597.28,25,1.0592,32.4610,4919193650.56,120,82,68.3
Не определена,25,"ИП ""УралДеталь-40""",6947562940,A,51765867.54,27,1.0523,33.5134,4919193650.56,120,82,68.3
Не определена,26,"ИП ""СтанкоСервис-114""",6505846279,C,50098876.42,24,1.0184,34.5318,4919193650.56,120,82,68.3
Не определена,27,"АО ""МеталлТорг-115""",4054258644,C,49908096.01,25,1.0146,35.5463,4919193650.56,120,82,68.3
Не определена,28,"ООО ""СтанкоСервис-87""",9370180664,A,49720819.69,23,1.0108,36.5571,4919193650.56,120,82,68.3
Не определена,29,"ИП ""УралДеталь-68""",6899330264,C,49246291.30,23,1.0011,37.5582,4919193650.56,120,82,68.3
Не определена,30,"АО ""СтанкоСервис-49""",4544937676,C,48840758.88,24,0.9929,38.5511,4919193650.56,120,82,68.3
Не определена,31,"АО ""УралДеталь-6 Групп""",8563157612,C,48178616.91,29,0.9794,39.5305,4919193650.56,120,82,68.3
Не определена,32,"АО ""ЭлектроМир-99""",5326315150,B,47930333.80,25,0.9744,40.5048,4919193650.56,120,82,68.3
Не определена,33,"ООО ""ЭлектроМир-110""",9439228389,A,47355938.58,24,0.9627,41.4675,4919193650.56,120,82,68.3
Не определена,34,"ИП ""ВолгаТех-64""",3967359575,C,47221431.47,19,0.9599,42.4274,4919193650.56,120,82,68.3
Не определена,35,"ИП ""СтанкоСервис-119""",8333128511,A,46599025.38,22,0.9473,43.3747,4919193650.56,120,82,68.3
Не определена,36,"ООО ""МеталлТорг-76""",4790839966,A,46589079.05,22,0.9471,44.3218,4919193650.56,120,82,68.3
Не определена,37,"ИП ""ТехКомплект-106""",6127484739,C,46437910.34,15,0.9440,45.2658,4919193650.56,120,82,68.3
Не определена,38,"АО ""МеталлТорг-70""",2177052301,A,46218342.19,24,0.9396,46.2054,4919193650.56,120,82,68.3
Не определена,39,"ПАО ""СтанкоСервис-98""",5150285741,C,45017797.77,25,0.9151,47.1205,4919193650.56,120,82,68.3
Не определена,40,"ПАО ""ВолгаТех-56""",8238363683,C,44951274.34,21,0.9138,48.0343,4919193650.56,120,82,68.3
Не определена,41,"ООО ""СибирьОпт-111""",7497322282,A,44945818.58,23,0.9137,48.9480,4919193650.56,120,82,68.3
Не определена,42,"АО ""СтанкоСервис-34""",7614642252,A,44605326.90,20,0.9068,49.8548,4919193650.56,120,82,68.3
Не определена,43,"ПАО ""СтанкоСервис-113""",9062991254,C,44446622.39,28,0.9035,50.7583,4919193650.56,120,82,68.3
Не определена,44,"ИП ""СибирьОпт-103""",4736069149,B,43902635.43,22,0.8925,51.6508,4919193650.56,120,82,68.3
Не определена,45,"АО ""ГидроПром-65""",5816509712,A,43367501.10,19,0.8816,52.5324,4919193650.56,120,82,68.3
Не определена,46,"ПАО ""ЭпсилонТех-72""",1649173005,A,42939868.95,27,0.8729,53.4053,4919193650.56,120,82,68.3
Не определена,47,"ПАО ""Севергруз-69""",5108515536,B,42828546.21,17,0.8706,54.2759,4919193650.56,120,82,68.3
Не определена,48,"АО ""ГидроПром-44""",6939000485,C,42743362.64,20,0.8689,55.1448,4919193650.56,120,82,68.3
Не определена,49,"ПАО ""ГаммаПром-4 Групп""",1026220989,B,42586327.47,23,0.8657,56.0105,4919193650.56,120,82,68.3
Не определена,50,"ИП ""Севергруз-120""",6226202468,A,42529084.48,17,0.8646,56.8751,4919193650.56,120,82,68.3
Не определена,51,"ПАО ""ГидроПром-82""",5486176086,C,42263421.45,19,0.8592,57.7343,4919193650.56,120,82,68.3
Не определена,52,"ИП ""УралДеталь-67""",3838939447,B,41959945.89,18,0.8530,58.5872,4919193650.56,120,82,68.3
Не определена,53,"ПАО ""ЭлектроМир-95""",4893091195,B,41113135.52,19,0.8358,59.4230,4919193650.56,120,82,68.3
Не определена,54,"ООО ""Севергруз-20""",9756965410,B,40376468.55,24,0.8208,60.2438,4919193650.56,120,82,68.3
Не определена,55,"ООО ""СибирьОпт-54""",8681026443,A,39983551.50,18,0.8128,61.0566,4919193650.56,120,82,68.3
Не определена,56,"ПАО ""Севергруз-32""",4848744976,A,39691818.47,24,0.8069,61.8635,4919193650.56,120,82,68.3
Не определена,57,"ИП ""ЭпсилонТех-51""",2183066432,A,39382286.13,23,0.8006,62.6641,4919193650.56,120,82,68.3
Не определена,58,"ПАО ""ГаммаПром-21""",5510509420,A,39226855.63,19,0.7974,63.4615,4919193650.56,120,82,68.3
Не определена,59,"ПАО ""ЭпсилонТех-16""",3879955568,A,38216784.97,23,0.7769,64.2384,4919193650.56,120,82,68.3
Не определена,60,"ПАО ""АльфаСнаб-89""",2477900690,B,37955660.21,22,0.7716,65.0100,4919193650.56,120,82,68.3
Не определена,61,"ИП ""ТехКомплект-37""",6425784015,A,37904666.46,15,0.7705,65.7805,4919193650.56,120,82,68.3
Не определена,62,"ПАО ""ЭпсилонТех-31""",3498810138,C,37800245.54,17,0.7684,66.5489,4919193650.56,120,82,68.3
Не определена,63,"ООО ""УралДеталь-42""",4305019545,B,37399262.49,19,0.7603,67.3092,4919193650.56,120,82,68.3
Не определена,64,"ПАО ""УралДеталь-52""",8347640543,C,37236932.73,20,0.7570,68.0662,4919193650.56,120,82,68.3
Не определена,65,"ИП ""БетаТрейд-38""",8757438026,B,36446119.21,16,0.7409,68.8071,4919193650.56,120,82,68.3
Не определена,66,"ООО ""БетаТрейд-117""",6534526717,A,35776659.89,20,0.7273,69.5344,4919193650.56,120,82,68.3
Не определена,67,"ООО ""МеталлТорг-92""",4707533344,A,35748652.54,17,0.7267,70.2611,4919193650.56,120,82,68.3
Не определена,68,"ИП ""ДельтаЛогистик-9 Групп""",7262793677,A,35515598.65,14,0.7220,70.9831,4919193650.56,120,82,68.3
Не определена,69,"АО ""ВолгаТех-66""",5944124879,A,35219106.69,16,0.7160,71.6990,4919193650.56,120,82,68.3
Не определена,70,"ООО ""СибирьОпт-102""",4129682292,C,35053022.03,23,0.7126,72.4116,4919193650.56,120,82,68.3
Не определена,71,"ООО ""ВолгаТех-97""",3478634414,A,35003306.26,21,0.7116,73.1232,4919193650.56,120,82,68.3
Не определена,72,"ИП ""Севергруз-88""",2941331441,C,34670244.04,21,0.7048,73.8280,4919193650.56,120,82,68.3
Не определена,73,"АО ""ВолгаТех-46""",3203403245,C,34428503.76,16,0.6999,74.5278,4919193650.56,120,82,68.3
Не определена,74,"ИП ""АльфаСнаб-19""",6251468548,C,33620499.46,19,0.6835,75.2113,4919193650.56,120,82,68.3
Не определена,75,"АО ""ТехКомплект-53""",9971592644,A,33533127.33,14,0.6817,75.8930,4919193650.56,120,82,68.3
Не определена,76,"АО ""ЭпсилонТех-55""",8870912118,B,33284850.85,21,0.6766,76.5696,4919193650.56,120,82,68.3
Не определена,77,"ООО ""СибирьОпт-96""",3940742148,A,33130594.94,17,0.6735,77.2431,4919193650.56,120,82,68.3
Не определена,78,"ООО ""ГидроПром-17""",4885347209,B,32584608.20,19,0.6624,77.9055,4919193650.56,120,82,68.3
Не определена,79,"ИП ""УралДеталь-108""",7199635800,A,32427955.88,18,0.6592,78.5647,4919193650.56,120,82,68.3
Не определена,80,"ПАО ""ДельтаЛогистик-7 Групп""",9648479014,B,31995815.72,18,0.6504,79.2151,4919193650.56,120,82,68.3
Не определена,81,"ИП ""ЭпсилонТех-14 Групп""",7761929248,B,31872287.15,16,0.6479,79.8631,4919193650.56,120,82,68.3
Не определена,82,"ООО ""ЭпсилонТех-60""",8376759633,B,31870052.24,20,0.6479,80.5109,4919193650.56,120,82,68.3
Не определена,83,"ПАО ""ГаммаПром-13 Групп""",7679741117,A,31697515.31,18,0.6444,81.1553,4919193650.56,120,82,68.3
Не определена,84,"ООО ""ДельтаЛогистик-78""",8663952810,C,31596298.51,20,0.6423,81.7976,4919193650.56,120,82,68.3
Не определена,85,"АО ""ЭлектроМир-101""",5660908709,B,31572130.38,23,0.6418,82.4394,4919193650.56,120,82,68.3
Не определена,86,"ПАО ""ЭлектроМир-83""",9385317786,C,31529831.53,21,0.6410,83.0804,4919193650.56,120,82,68.3
Не определена,87,"ПАО ""ЭпсилонТех-79""",5889752316,B,31476340.84,17,0.6399,83.7202,4919193650.56,120,82,68.3
Не определена,88,"АО ""ЭпсилонТех-18""",6168600289,C,31430004.40,20,0.6389,84.3592,4919193650.56,120,82,68.3
Не определена,89,"ООО ""ТехКомплект-45""",9678016609,C,30804580.21,10,0.6262,84.9854,4919193650.56,120,82,68.3
Не определена,90,"АО ""МеталлТорг-3 Групп""",9676820827,B,29960403.74,14,0.6091,85.5944,4919193650.56,120,82,68.3
Не определена,91,"ООО ""ДельтаЛогистик-48""",6729556589,B,29689686.13,25,0.6035,86.1980,4919193650.56,120,82,68.3
Не определена,92,"ООО ""ПромСнаб-85""",1381538527,B,29632825.25,15,0.6024,86.8004,4919193650.56,120,82,68.3
Не определена,93,"ИП ""ЭлектроМир-77""",3342574841,B,28894135.01,19,0.5874,87.3877,4919193650.56,120,82,68.3
Не определена,94,"АО ""ПромСнаб-62""",6943791863,C,28195992.58,20,0.5732,87.9609,4919193650.56,120,82,68.3
Не определена,95,"АО ""ЭпсилонТех-81""",9318288828,B,28023946.74,20,0.5697,88.5306,4919193650.56,120,82,68.3
Не определена,96,"ИП ""АльфаСнаб-73""",5550129760,C,27978742.63,22,0.5688,89.0994,4919193650.56,120,82,68.3
Не определена,97,"АО ""АльфаСнаб-105""",4695450688,B,26761115.69,18,0.5440,89.6434,4919193650.56,120,82,68.3
Не определена,98,"АО ""ЭлектроМир-47""",4315494031,C,26669578.45,15,0.5422,90.1855,4919193650.56,120,82,68.3
Не определена,99,"ИП ""ПромСнаб-61""",2248071481,C,26487595.83,18,0.5385,90.7240,4919193650.56,120,82,68.3
Не определена,100,"ПАО ""ЭлектроМир-57""",7893336702,C,26381575.29,16,0.5363,91.2603,4919193650.56,120,82,68.3
Не определена,101,"ИП ""Севергруз-23""",7661401524,A,25991828.58,16,0.5284,91.7887,4919193650.56,120,82,68.3
Не определена,102,"АО ""ГаммаПром-33""",9026027108,C,25010087.56,19,0.5084,92.2971,4919193650.56,120,82,68.3
Не определена,103,"ИП ""ПромСнаб-75""",6209425602,C,24889599.75,16,0.5060,92.8031,4919193650.56,120,82,68.3
Не определена,104,"ПАО ""СибирьОпт-109""",1575720309,B,24510090.79,14,0.4983,93.3013,4919193650.56,120,82,68.3
Не определена,105,"ИП ""БетаТрейд-28""",7605742304,A,24428727.13,12,0.4966,93.7979,4919193650.56,120,82,68.3
Не определена,106,"ИП ""ДельтаЛогистик-84""",1328957857,B,24059967.95,13,0.4891,94.2870,4919193650.56,120,82,68.3
Не определена,107,"ИП ""ЭлектроМир-26""",3430420654,B,23845333.64,15,0.4847,94.7718,4919193650.56,120,82,68.3
Не определена,108,"ИП ""ГаммаПром-71""",6451166226,A,23641717.36,12,0.4806,95.2524,4919193650.56,120,82,68.3
Не определена,109,"ПАО ""СибирьОпт-63""",5200040610,B,22356943.30,14,0.4545,95.7068,4919193650.56,120,82,68.3
Не определена,110,"ООО ""СтанкоСервис-118""",1910495631,A,22209115.46,15,0.4515,96.1583,4919193650.56,120,82,68.3
Не определена,111,"ПАО ""Севергруз-58""",6703117816,B,22158641.32,15,0.4505,96.6088,4919193650.56,120,82,68.3
Не определена,112,"ПАО ""ТехКомплект-94""",5862834378,C,22108871.34,17,0.4494,97.0582,4919193650.56,120,82,68.3
Не определена,113,"ПАО ""АльфаСнаб-12 Групп""",6224825860,A,22020800.68,13,0.4477,97.5059,4919193650.56,120,82,68.3
Не определена,114,"АО ""УралДеталь-93""",8269858197,A,20949299.02,13,0.4259,97.9317,4919193650.56,120,82,68.3
Не определена,115,"ПАО ""УралДеталь-112""",9583012527,A,20088392.40,13,0.4084,98.3401,4919193650.56,120,82,68.3
Не определена,116,"ООО ""ПромСнаб-11 Групп""",1268657293,A,19857323.95,20,0.4037,98.7438,4919193650.56,120,82,68.3
Не определена,117,"ПАО ""СибирьОпт-24""",6203036487,B,17216210.68,13,0.3500,99.0938,4919193650.56,120,82,68.3
Не определена,118,"ПАО ""ГидроПром-10 Групп""",4025236040,A,15968376.67,8,0.3246,99.4184,4919193650.56,120,82,68.3
Не определена,119,"ПАО ""БетаТрейд-107""",5096320205,A,15514285.33,17,0.3154,99.7337,4919193650.56,120,82,68.3
Не определена,120,"ООО ""ЭлектроМир-74""",3183881606,B,13097389.30,10,0.2663,100.0000,4919193650.56,120,82,68.3
Подшипники,1,"ООО ""ЭлектроМир-36""",9692833459,A,223103775.58,113,1.9203,1.9203,11618266026.71,120,87,72.5
Подшипники,2,"АО ""ВолгаТех-1 Групп""",7396573762,B,207264300.27,98,1.7840,3.7042,11618266026.71,120,87,72.5
Подшипники,3,"ООО ""ГидроПром-50""",5386956634,C,182404441.39,116,1.5700,5.2742,11618266026.71,120,87,72.5
Подшипники,4,"АО ""ТехКомплект-8 Групп""",7408027797,C,181110399.52,86,1.5588,6.8331,11618266026.71,120,87,72.5
Подшипники,5,"ООО ""ЭпсилонТех-29""",1164438269,A,178260496.33,90,1.5343,8.3674,11618266026.71,120,87,72.5
Подшипники,6,"ООО ""ГидроПром-15 Групп""",3556215410,C,168353583.43,96,1.4490,9.8164,11618266026.71,120,87,72.5
Подшипники,7,"ООО ""ВолгаТех-43""",6824546805,B,163893615.02,95,1.4107,11.2271,11618266026.71,120,87,72.5
Подшипники,8,"ООО ""СтанкоСервис-87""",9370180664,A,156472828.14,63,1.3468,12.5739,11618266026.71,120,87,72.5
Подшипники,9,"ИП ""ВолгаТех-64""",3967359575,C,135686109.45,64,1.1679,13.7417,11618266026.71,120,87,72.5
Подшипники,10,"ООО ""ПромСнаб-11 Групп""",1268657293,A,133985545.81,57,1.1532,14.8950,11618266026.71,120,87,72.5
Подшипники,11,"ООО ""СтанкоСервис-118""",1910495631,A,131731014.34,62,1.1338,16.0288,11618266026.71,120,87,72.5
Подшипники,12,"ООО ""ГаммаПром-22""",5256420704,B,131072447.61,78,1.1282,17.1569,11618266026.71,120,87,72.5
Подшипники,13,"ООО ""СибирьОпт-111""",7497322282,A,130602478.88,65,1.1241,18.2811,11618266026.71,120,87,72.5
Подшипники,14,"ПАО ""ЭлектроМир-95""",4893091195,B,128269427.28,56,1.1040,19.3851,11618266026.71,120,87,72.5
Подшипники,15,"ООО ""СибирьОпт-96""",3940742148,A,125824598.69,60,1.0830,20.4681,11618266026.71,120,87,72.5
Подшипники,16,"ИП ""ЭпсилонТех-51""",2183066432,A,124318748.63,60,1.0700,21.5381,11618266026.71,120,87,72.5
Подшипники,17,"ИП ""ПромСнаб-30""",9330400329,A,124237907.23,64,1.0693,22.6074,11618266026.71,120,87,72.5
Подшипники,18,"ПАО ""ГаммаПром-13 Групп""",7679741117,A,123246535.94,52,1.0608,23.6682,11618266026.71,120,87,72.5
Подшипники,19,"ИП ""УралДеталь-108""",7199635800,A,122397181.76,56,1.0535,24.7217,11618266026.71,120,87,72.5
Подшипники,20,"ПАО ""ЭлектроМир-57""",7893336702,C,114394265.00,66,0.9846,25.7063,11618266026.71,120,87,72.5
Подшипники,21,"ИП ""ГидроПром-104""",1171278872,A,113908386.17,59,0.9804,26.6868,11618266026.71,120,87,72.5
Подшипники,22,"АО ""ЭпсилонТех-18""",6168600289,C,112466440.38,63,0.9680,27.6548,11618266026.71,120,87,72.5
Подшипники,23,"АО ""СтанкоСервис-49""",4544937676,C,112400794.81,55,0.9674,28.6222,11618266026.71,120,87,72.5
Подшипники,24,"ИП ""ДельтаЛогистик-9 Групп""",7262793677,A,111402004.17,58,0.9589,29.5811,11618266026.71,120,87,72.5
Подшипники,25,"ПАО ""СтанкоСервис-113""",9062991254,C,109437489.27,54,0.9419,30.5230,11618266026.71,120,87,72.5
Подшипники,26,"ПАО ""ЭпсилонТех-16""",3879955568,A,109306734.78,54,0.9408,31.4638,11618266026.71,120,87,72.5
Подшипники,27,"ПАО ""УралДеталь-52""",8347640543,C,108383041.09,53,0.9329,32.3967,11618266026.71,120,87,72.5
Подшипники,28,"ИП ""СтанкоСервис-119""",8333128511,A,107465762.73,59,0.9250,33.3217,11618266026.71,120,87,72.5
Подшипники,29,"ПАО ""ГидроПром-10 Групп""",4025236040,A,107263122.44,55,0.9232,34.2449,11618266026.71,120,87,72.5
Подшипники,30,"ООО ""ГидроПром-17""",4885347209,B,106852412.99,48,0.9197,35.1646,11618266026.71,120,87,72.5
Подшипники,31,"ООО ""Севергруз-59""",2876376128,B,106562970.89,54,0.9172,36.0818,11618266026.71,120,87,72.5
Подшипники,32,"ПАО ""СибирьОпт-109""",1575720309,B,105813228.34,50,0.9107,36.9925,11618266026.71,120,87,72.5
Подшипники,33,"ПАО ""СтанкоСервис-98""",5150285741,C,105675116.61,47,0.9096,37.9021,11618266026.71,120,87,72.5
Подшипники,34,"ИП ""Севергруз-23""",7661401524,A,105311251.43,52,0.9064,38.8085,11618266026.71,120,87,72.5
Подшипники,35,"ПАО ""УралДеталь-112""",9583012527,A,104130524.27,62,0.8963,39.7048,11618266026.71,120,87,72.5
Подшипники,36,"ООО ""ПромСнаб-85""",1381538527,B,103914551.06,43,0.8944,40.5992,11618266026.71,120,87,72.5
Подшипники,37,"ООО ""ДельтаЛогистик-48""",6729556589,B,103914438.30,54,0.8944,41.4936,11618266026.71,120,87,72.5
Подшипники,38,"ООО ""Севергруз-20""",9756965410,B,103852054.98,43,0.8939,42.3875,11618266026.71,120,87,72.5
Подшипники,39,"ИП ""ТехКомплект-106""",6127484739,C,103569522.88,44,0.8914,43.2789,11618266026.71,120,87,72.5
Подшипники,40,"ИП ""АльфаСнаб-73""",5550129760,C,102298953.25,53,0.8805,44.1594,11618266026.71,120,87,72.5
Подшипники,41,"ИП ""ЭпсилонТех-14 Групп""",7761929248,B,102282169.81,50,0.8804,45.0398,11618266026.71,120,87,72.5
Подшипники,42,"ИП ""СибирьОпт-103""",4736069149,B,102253352.98,53,0.8801,45.9199,11618266026.71,120,87,72.5
Подшипники,43,"ПАО ""Севергруз-69""",5108515536,B,102027571.76,49,0.8782,46.7980,11618266026.71,120,87,72.5
Подшипники,44,"ПАО ""ЭпсилонТех-72""",1649173005,A,99520607.93,55,0.8566,47.6546,11618266026.71,120,87,72.5
Подшипники,45,"АО ""УралДеталь-93""",8269858197,A,98964783.73,45,0.8518,48.5064,11618266026.71,120,87,72.5
Подшипники,46,"ИП ""БетаТрейд-28""",7605742304,A,98299515.68,51,0.8461,49.3525,11618266026.71,120,87,72.5
Подшипники,47,"АО ""ГидроПром-65""",5816509712,A,96210021.19,50,0.8281,50.1806,11618266026.71,120,87,72.5
Подшипники,48,"ИП ""Севергруз-5 Групп""",9354187804,A,95248756.19,46,0.8198,51.0004,11618266026.71,120,87,72.5
Подшипники,49,"ИП ""БетаТрейд-27""",9604015376,A,95165523.48,47,0.8191,51.8195,11618266026.71,120,87,72.5
Подшипники,50,"ООО ""СибирьОпт-54""",8681026443,A,95138537.63,50,0.8189,52.6384,11618266026.71,120,87,72.5
Подшипники,51,"АО ""СтанкоСервис-34""",7614642252,A,93573256.27,43,0.8054,53.4438,11618266026.71,120,87,72.5
Подшипники,52,"АО ""ЭпсилонТех-81""",9318288828,B,93229303.46,49,0.8024,54.2462,11618266026.71,120,87,72.5
Подшипники,53,"ПАО ""ГаммаПром-21""",5510509420,A,92954266.95,49,0.8001,55.0463,11618266026.71,120,87,72.5
Подшипники,54,"ИП ""БетаТрейд-38""",8757438026,B,92861115.21,51,0.7993,55.8456,11618266026.71,120,87,72.5
Подшипники,55,"ИП ""АльфаСнаб-19""",6251468548,C,91799103.94,53,0.7901,56.6357,11618266026.71,120,87,72.5
Подшипники,56,"ИП ""СтанкоСервис-114""",6505846279,C,91602629.78,43,0.7884,57.4241,11618266026.71,120,87,72.5
Подшипники,57,"АО ""МеталлТорг-115""",4054258644,C,91042096.74,56,0.7836,58.2077,11618266026.71,120,87,72.5
Подшипники,58,"ПАО ""ЭлектроМир-83""",9385317786,C,91003843.68,49,0.7833,58.9910,11618266026.71,120,87,72.5
Подшипники,59,"АО ""ГидроПром-44""",6939000485,C,90767830.57,47,0.7813,59.7723,11618266026.71,120,87,72.5
Подшипники,60,"ИП ""ПромСнаб-61""",2248071481,C,90744248.53,34,0.7810,60.5533,11618266026.71,120,87,72.5
Подшипники,61,"ИП ""ЭлектроМир-77""",3342574841,B,90691435.30,47,0.7806,61.3339,11618266026.71,120,87,72.5
Подшипники,62,"ООО ""ВолгаТех-97""",3478634414,A,89833934.49,49,0.7732,62.1071,11618266026.71,120,87,72.5
Подшипники,63,"ООО ""ДельтаЛогистик-78""",8663952810,C,89062797.09,48,0.7666,62.8737,11618266026.71,120,87,72.5
Подшипники,64,"АО ""ЭлектроМир-101""",5660908709,B,89038908.04,51,0.7664,63.6401,11618266026.71,120,87,72.5
Подшипники,65,"ПАО ""ТехКомплект-94""",5862834378,C,88771589.06,44,0.7641,64.4042,11618266026.71,120,87,72.5
Подшипники,66,"ПАО ""Севергруз-58""",6703117816,B,88379729.22,50,0.7607,65.1648,11618266026.71,120,87,72.5
Подшипники,67,"ООО ""ТехКомплект-45""",9678016609,C,88316973.60,38,0.7602,65.9250,11618266026.71,120,87,72.5
Подшипники,68,"ИП ""Севергруз-88""",2941331441,C,87734996.82,51,0.7551,66.6802,11618266026.71,120,87,72.5
Подшипники,69,"ПАО ""БетаТрейд-107""",5096320205,A,87685056.39,48,0.7547,67.4349,11618266026.71,120,87,72.5
Подшипники,70,"ООО ""ЭлектроМир-110""",9439228389,A,87063800.47,42,0.7494,68.1842,11618266026.71,120,87,72.5
Подшипники,71,"ПАО ""АльфаСнаб-12 Групп""",6224825860,A,86344465.49,42,0.7432,68.9274,11618266026.71,120,87,72.5
Подшипники,72,"АО ""ГаммаПром-33""",9026027108,C,85324871.96,45,0.7344,69.6618,11618266026.71,120,87,72.5
Подшипники,73,"ИП ""ТехКомплект-91""",3871944604,C,85084798.12,52,0.7323,70.3942,11618266026.71,120,87,72.5
Подшипники,74,"АО ""МеталлТорг-70""",2177052301,A,84289674.87,51,0.7255,71.1196,11618266026.71,120,87,72.5
Подшипники,75,"ПАО ""Севергруз-32""",4848744976,A,83962580.38,50,0.7227,71.8423,11618266026.71,120,87,72.5
Подшипники,76,"ООО ""СтанкоСервис-100""",2616565262,A,83683245.50,41,0.7203,72.5626,11618266026.71,120,87,72.5
Подшипники,77,"ИП ""Севергруз-120""",6226202468,A,83553128.00,44,0.7192,73.2818,11618266026.71,120,87,72.5
Подшипники,78,"ПАО ""СибирьОпт-63""",5200040610,B,83501150.42,39,0.7187,74.0005,11618266026.71,120,87,72.5
Подшипники,79,"АО ""ТехКомплект-53""",9971592644,A,83398950.62,57,0.7178,74.7183,11618266026.71,120,87,72.5
Подшипники,80,"АО ""МеталлТорг-3 Групп""",9676820827,B,83298663.22,44,0.7170,75.4352,11618266026.71,120,87,72.5
Подшипники,81,"ИП ""УралДеталь-68""",6899330264,C,82996275.40,39,0.7144,76.1496,11618266026.71,120,87,72.5
Подшипники,82,"ПАО ""ГаммаПром-4 Групп""",1026220989,B,82862626.07,50,0.7132,76.8628,11618266026.71,120,87,72.5
Подшипники,83,"ИП ""ГаммаПром-71""",6451166226,A,82058972.48,40,0.7063,77.5691,11618266026.71,120,87,72.5
Подшипники,84,"ООО ""БетаТрейд-117""",6534526717,A,81787010.16,48,0.7040,78.2731,11618266026.71,120,87,72.5
Подшипники,85,"ООО ""МеталлТорг-92""",4707533344,A,81588448.31,36,0.7022,78.9753,11618266026.71,120,87,72.5
Подшипники,86,"ИП ""АльфаСнаб-25""",4236183119,C,81517877.12,54,0.7016,79.6769,11618266026.71,120,87,72.5
Подшипники,87,"АО ""ЭлектроМир-99""",5326315150,B,80357485.28,45,0.6916,80.3686,11618266026.71,120,87,72.5
Подшипники,88,"ООО ""БетаТрейд-90""",3281751713,A,80051459.14,55,0.6890,81.0576,11618266026.71,120,87,72.5
Подшипники,89,"ИП ""УралДеталь-40""",6947562940,A,79801966.61,43,0.6869,81.7445,11618266026.71,120,87,72.5
Подшипники,90,"ПАО ""ЭпсилонТех-79""",5889752316,B,79536121.09,42,0.6846,82.4290,11618266026.71,120,87,72.5
Подшипники,91,"ИП ""ТехКомплект-37""",6425784015,A,78759949.29,47,0.6779,83.1069,11618266026.71,120,87,72.5
Подшипники,92,"ПАО ""ВолгаТех-56""",8238363683,C,78221978.32,37,0.6733,83.7802,11618266026.71,120,87,72.5
Подшипники,93,"ПАО ""СибирьОпт-24""",6203036487,B,78014789.56,45,0.6715,84.4517,11618266026.71,120,87,72.5
Подшипники,94,"ООО ""АльфаСнаб-35""",1175213575,C,76336010.29,42,0.6570,85.1087,11618266026.71,120,87,72.5
Подшипники,95,"ПАО ""АльфаСнаб-89""",2477900690,B,76307095.15,42,0.6568,85.7655,11618266026.71,120,87,72.5
Подшипники,96,"ООО ""ЭлектроМир-74""",3183881606,B,76282082.09,44,0.6566,86.4221,11618266026.71,120,87,72.5
Подшипники,97,"ИП ""СибирьОпт-80""",2616661404,C,76159070.15,38,0.6555,87.0776,11618266026.71,120,87,72.5
Подшипники,98,"ПАО ""ЭпсилонТех-2 Групп""",1333205446,A,76011136.64,45,0.6542,87.7318,11618266026.71,120,87,72.5
Подшипники,99,"ИП ""УралДеталь-67""",3838939447,B,75996711.66,39,0.6541,88.3860,11618266026.71,120,87,72.5
Подшипники,100,"ООО ""ЭпсилонТех-60""",8376759633,B,74903448.69,53,0.6447,89.0307,11618266026.71,120,87,72.5
Подшипники,101,"ООО ""УралДеталь-42""",4305019545,B,73199428.11,44,0.6300,89.6607,11618266026.71,120,87,72.5
Подшипники,102,"АО ""АльфаСнаб-105""",4695450688,B,72711210.44,36,0.6258,90.2865,11618266026.71,120,87,72.5
Подшипники,103,"ООО ""СибирьОпт-102""",4129682292,C,72359447.90,39,0.6228,90.9093,11618266026.71,120,87,72.5
Подшипники,104,"ПАО ""ЭпсилонТех-31""",3498810138,C,70723505.46,39,0.6087,91.5181,11618266026.71,120,87,72.5
Подшипники,105,"ИП ""ЭлектроМир-26""",3430420654,B,70722716.45,32,0.6087,92.1268,11618266026.71,120,87,72.5
Подшипники,106,"АО ""ПромСнаб-62""",6943791863,C,67787311.39,34,0.5835,92.7102,11618266026.71,120,87,72.5
Подшипники,107,"АО ""ВолгаТех-39""",9762292597,A,67219968.81,37,0.5786,93.2888,11618266026.71,120,87,72.5
Подшипники,108,"АО ""ЭлектроМир-47""",4315494031,C,66875955.19,39,0.5756,93.8644,11618266026.71,120,87,72.5
Подшипники,109,"АО ""ВолгаТех-66""",5944124879,A,66581654.52,41,0.5731,94.4375,11618266026.71,120,87,72.5
Подшипники,110,"АО ""ВолгаТех-86""",1944444455,C,65167633.98,43,0.5609,94.9984,11618266026.71,120,87,72.5
Подшипники,111,"ИП ""ПромСнаб-75""",6209425602,C,64433081.35,33,0.5546,95.5530,11618266026.71,120,87,72.5
Подшипники,112,"ИП ""ДельтаЛогистик-84""",1328957857,B,64224405.30,43,0.5528,96.1058,11618266026.71,120,87,72.5
Подшипники,113,"ПАО ""ДельтаЛогистик-7 Групп""",9648479014,B,63658111.00,40,0.5479,96.6537,11618266026.71,120,87,72.5
Подшипники,114,"ИП ""Севергруз-116""",6916520012,B,62560296.09,37,0.5385,97.1922,11618266026.71,120,87,72.5
Подшипники,115,"АО ""ЭпсилонТех-55""",8870912118,B,60405757.41,37,0.5199,97.7121,11618266026.71,120,87,72.5
Подшипники,116,"ПАО ""ГидроПром-82""",5486176086,C,57294128.79,44,0.4931,98.2052,11618266026.71,120,87,72.5
Подшипники,117,"ООО ""МеталлТорг-76""",4790839966,A,54177523.50,29,0.4663,98.6715,11618266026.71,120,87,72.5
Подшипники,118,"АО ""УралДеталь-6 Групп""",8563157612,C,51663782.33,43,0.4447,99.1162,11618266026.71,120,87,72.5
Подшипники,119,"ИП ""СибирьОпт-41""",6345050694,C,51540884.55,35,0.4436,99.5598,11618266026.71,120,87,72.5
Подшипники,120,"АО ""ВолгаТех-46""",3203403245,C,51140924.91,29,0.4402,100.0000,11618266026.71,120,87,72.5
РТИ,1,"ООО ""ЭлектроМир-36""",9692833459,A,167808457.74,84,1.9604,1.9604,8560051361.28,120,87,72.5
РТИ,2,"ООО ""ГидроПром-15 Групп""",3556215410,C,163367840.49,78,1.9085,3.8689,8560051361.28,120,87,72.5
РТИ,3,"ООО ""ГидроПром-50""",5386956634,C,162945215.76,88,1.9036,5.7724,8560051361.28,120,87,72.5
РТИ,4,"АО ""ВолгаТех-1 Групп""",7396573762,B,136700952.96,66,1.5970,7.3694,8560051361.28,120,87,72.5
РТИ,5,"ООО ""ГаммаПром-22""",5256420704,B,130083282.19,61,1.5197,8.8890,8560051361.28,120,87,72.5
РТИ,6,"ООО ""ВолгаТех-43""",6824546805,B,114525778.74,60,1.3379,10.2269,8560051361.28,120,87,72.5
РТИ,7,"ООО ""СтанкоСервис-87""",9370180664,A,109332613.85,44,1.2772,11.5042,8560051361.28,120,87,72.5
РТИ,8,"ООО ""БетаТрейд-90""",3281751713,A,103730748.26,48,1.2118,12.7160,8560051361.28,120,87,72.5
РТИ,9,"ИП ""ЭлектроМир-77""",3342574841,B,99397572.81,41,1.1612,13.8772,8560051361.28,120,87,72.5
РТИ,10,"ИП ""ПромСнаб-75""",6209425602,C,96662671.50,45,1.1292,15.0064,8560051361.28,120,87,72.5
РТИ,11,"ООО ""Севергруз-20""",9756965410,B,91463946.90,43,1.0685,16.0749,8560051361.28,120,87,72.5
РТИ,12,"ООО ""ЭпсилонТех-60""",8376759633,B,89949825.06,40,1.0508,17.1257,8560051361.28,120,87,72.5
РТИ,13,"ПАО ""ЭпсилонТех-79""",5889752316,B,89795135.70,44,1.0490,18.1747,8560051361.28,120,87,72.5
РТИ,14,"ПАО ""ЭпсилонТех-16""",3879955568,A,87508776.13,39,1.0223,19.1970,8560051361.28,120,87,72.5
РТИ,15,"ООО ""СибирьОпт-102""",4129682292,C,86816264.00,36,1.0142,20.2112,8560051361.28,120,87,72.5
РТИ,16,"АО ""ТехКомплект-8 Групп""",7408027797,C,85730167.16,51,1.0015,21.2127,8560051361.28,120,87,72.5
РТИ,17,"АО ""МеталлТорг-115""",4054258644,C,85045878.42,41,0.9935,22.2062,8560051361.28,120,87,72.5
РТИ,18,"ООО ""МеталлТорг-76""",4790839966,A,83096598.51,41,0.9707,23.1770,8560051361.28,120,87,72.5
РТИ,19,"ИП ""ПромСнаб-61""",2248071481,C,82319580.63,46,0.9617,24.1387,8560051361.28,120,87,72.5
РТИ,20,"ПАО ""ЭпсилонТех-72""",1649173005,A,81889246.94,43,0.9566,25.0953,8560051361.28,120,87,72.5
РТИ,21,"АО ""ГидроПром-44""",6939000485,C,81765273.88,44,0.9552,26.0505,8560051361.28,120,87,72.5
РТИ,22,"ИП ""Севергруз-120""",6226202468,A,81071202.44,34,0.9471,26.9976,8560051361.28,120,87,72.5
РТИ,23,"АО ""МеталлТорг-3 Групп""",9676820827,B,80822499.39,38,0.9442,27.9418,8560051361.28,120,87,72.5
РТИ,24,"ИП ""СибирьОпт-80""",2616661404,C,80471569.60,40,0.9401,28.8818,8560051361.28,120,87,72.5
РТИ,25,"АО ""ЭлектроМир-101""",5660908709,B,80469618.01,39,0.9401,29.8219,8560051361.28,120,87,72.5
РТИ,26,"ИП ""УралДеталь-108""",7199635800,A,78775113.31,45,0.9203,30.7422,8560051361.28,120,87,72.5
РТИ,27,"АО ""ВолгаТех-86""",1944444455,C,78542491.39,34,0.9175,31.6597,8560051361.28,120,87,72.5
РТИ,28,"ПАО ""ДельтаЛогистик-7 Групп""",9648479014,B,78505987.93,32,0.9171,32.5768,8560051361.28,120,87,72.5
РТИ,29,"ПАО ""ГидроПром-10 Групп""",4025236040,A,78481155.04,38,0.9168,33.4937,8560051361.28,120,87,72.5
РТИ,30,"ПАО ""ГаммаПром-4 Групп""",1026220989,B,78251225.94,42,0.9141,34.4078,8560051361.28,120,87,72.5
РТИ,31,"АО ""ГидроПром-65""",5816509712,A,78139013.01,32,0.9128,35.3206,8560051361.28,120,87,72.5
РТИ,32,"ИП ""ЭлектроМир-26""",3430420654,B,77981551.29,37,0.9110,36.2316,8560051361.28,120,87,72.5
РТИ,33,"АО ""ЭпсилонТех-18""",6168600289,C,77914639.11,36,0.9102,37.1419,8560051361.28,120,87,72.5
РТИ,34,"ООО ""ПромСнаб-11 Групп""",1268657293,A,77839307.56,41,0.9093,38.0512,8560051361.28,120,87,72.5
РТИ,35,"ООО ""СибирьОпт-111""",7497322282,A,77532684.51,38,0.9058,38.9569,8560051361.28,120,87,72.5
РТИ,36,"ООО ""ЭпсилонТех-29""",1164438269,A,77233856.60,45,0.9023,39.8592,8560051361.28,120,87,72.5
РТИ,37,"АО ""ВолгаТех-39""",9762292597,A,77022286.59,36,0.8998,40.7590,8560051361.28,120,87,72.5
РТИ,38,"АО ""ВолгаТех-46""",3203403245,C,76498079.13,31,0.8937,41.6526,8560051361.28,120,87,72.5
РТИ,39,"АО ""СтанкоСервис-49""",4544937676,C,76276318.31,37,0.8911,42.5437,8560051361.28,120,87,72.5
РТИ,40,"ООО ""ГидроПром-17""",4885347209,B,75805667.02,35,0.8856,43.4293,8560051361.28,120,87,72.5
РТИ,41,"АО ""ЭпсилонТех-81""",9318288828,B,75784646.91,37,0.8853,44.3146,8560051361.28,120,87,72.5
РТИ,42,"ПАО ""АльфаСнаб-89""",2477900690,B,74814474.88,33,0.8740,45.1886,8560051361.28,120,87,72.5
РТИ,43,"ПАО ""ЭлектроМир-57""",7893336702,C,74332968.31,35,0.8684,46.0570,8560051361.28,120,87,72.5
РТИ,44,"ИП ""Севергруз-23""",7661401524,A,74272012.37,32,0.8677,46.9247,8560051361.28,120,87,72.5
РТИ,45,"ИП ""ВолгаТех-64""",3967359575,C,73572805.75,46,0.8595,47.7841,8560051361.28,120,87,72.5
РТИ,46,"ИП ""БетаТрейд-28""",7605742304,A,73532770.04,32,0.8590,48.6432,8560051361.28,120,87,72.5
РТИ,47,"ИП ""Севергруз-88""",2941331441,C,73451508.76,40,0.8581,49.5012,8560051361.28,120,87,72.5
РТИ,48,"ИП ""СтанкоСервис-119""",8333128511,A,73128056.23,48,0.8543,50.3555,8560051361.28,120,87,72.5
РТИ,49,"АО ""ВолгаТех-66""",5944124879,A,73002808.86,37,0.8528,51.2084,8560051361.28,120,87,72.5
РТИ,50,"АО ""УралДеталь-6 Групп""",8563157612,C,72962552.60,37,0.8524,52.0607,8560051361.28,120,87,72.5
РТИ,51,"ИП ""АльфаСнаб-25""",4236183119,C,72682954.97,34,0.8491,52.9098,8560051361.28,120,87,72.5
РТИ,52,"АО ""ЭлектроМир-99""",5326315150,B,72272894.06,43,0.8443,53.7541,8560051361.28,120,87,72.5
РТИ,53,"ООО ""СтанкоСервис-118""",1910495631,A,71539538.78,39,0.8357,54.5899,8560051361.28,120,87,72.5
РТИ,54,"ИП ""ГидроПром-104""",1171278872,A,71331129.58,38,0.8333,55.4232,8560051361.28,120,87,72.5
РТИ,55,"ПАО ""СибирьОпт-63""",5200040610,B,71222316.68,35,0.8320,56.2552,8560051361.28,120,87,72.5
РТИ,56,"АО ""ГаммаПром-33""",9026027108,C,71194266.62,35,0.8317,57.0869,8560051361.28,120,87,72.5
РТИ,57,"ООО ""ВолгаТех-97""",3478634414,A,70180875.31,39,0.8199,57.9068,8560051361.28,120,87,72.5
РТИ,58,"ИП ""СибирьОпт-103""",4736069149,B,69571308.72,33,0.8127,58.7195,8560051361.28,120,87,72.5
РТИ,59,"ИП ""ТехКомплект-37""",6425784015,A,69567595.92,39,0.8127,59.5322,8560051361.28,120,87,72.5
РТИ,60,"ИП ""СтанкоСервис-114""",6505846279,C,69389481.08,29,0.8106,60.3428,8560051361.28,120,87,72.5
РТИ,61,"ПАО ""СибирьОпт-109""",1575720309,B,69229211.96,35,0.8087,61.1516,8560051361.28,120,87,72.5
РТИ,62,"ООО ""АльфаСнаб-35""",1175213575,C,69209932.97,36,0.8085,61.9601,8560051361.28,120,87,72.5
РТИ,63,"ПАО ""Севергруз-58""",6703117816,B,69108285.92,38,0.8073,62.7674,8560051361.28,120,87,72.5
РТИ,64,"ООО ""СибирьОпт-54""",8681026443,A,68989047.57,43,0.8059,63.5734,8560051361.28,120,87,72.5
РТИ,65,"ООО ""УралДеталь-42""",4305019545,B,68865705.37,29,0.8045,64.3779,8560051361.28,120,87,72.5
РТИ,66,"ПАО ""ГаммаПром-21""",5510509420,A,68577796.58,31,0.8011,65.1790,8560051361.28,120,87,72.5
РТИ,67,"ПАО ""Севергруз-69""",5108515536,B,67724727.62,36,0.7912,65.9702,8560051361.28,120,87,72.5
РТИ,68,"ООО ""ДельтаЛогистик-48""",6729556589,B,65539361.27,38,0.7656,66.7358,8560051361.28,120,87,72.5
РТИ,69,"ПАО ""СтанкоСервис-98""",5150285741,C,65484170.10,41,0.7650,67.5008,8560051361.28,120,87,72.5
РТИ,70,"ИП ""ТехКомплект-91""",3871944604,C,65248801.61,29,0.7622,68.2631,8560051361.28,120,87,72.5
РТИ,71,"ПАО ""ГидроПром-82""",5486176086,C,64813757.85,28,0.7572,69.0202,8560051361.28,120,87,72.5
РТИ,72,"АО ""ПромСнаб-62""",6943791863,C,64409994.54,37,0.7524,69.7727,8560051361.28,120,87,72.5
РТИ,73,"ПАО ""ЭпсилонТех-2 Групп""",1333205446,A,64287852.99,33,0.7510,70.5237,8560051361.28,120,87,72.5
РТИ,74,"ИП ""ГаммаПром-71""",6451166226,A,64058171.01,26,0.7483,71.2720,8560051361.28,120,87,72.5
РТИ,75,"ИП ""СибирьОпт-41""",6345050694,C,63891198.03,32,0.7464,72.0184,8560051361.28,120,87,72.5
РТИ,76,"ООО ""ЭлектроМир-74""",3183881606,B,63742741.76,41,0.7447,72.7631,8560051361.28,120,87,72.5
РТИ,77,"ПАО ""ЭпсилонТех-31""",3498810138,C,63489442.87,27,0.7417,73.5048,8560051361.28,120,87,72.5
РТИ,78,"ООО ""ДельтаЛогистик-78""",8663952810,C,63283473.34,36,0.7393,74.2441,8560051361.28,120,87,72.5
РТИ,79,"ООО ""ЭлектроМир-110""",9439228389,A,63140193.42,31,0.7376,74.9817,8560051361.28,120,87,72.5
РТИ,80,"ИП ""АльфаСнаб-19""",6251468548,C,62717206.31,37,0.7327,75.7144,8560051361.28,120,87,72.5
РТИ,81,"АО ""ТехКомплект-53""",9971592644,A,62570177.54,34,0.7310,76.4453,8560051361.28,120,87,72.5
РТИ,82,"ИП ""УралДеталь-40""",6947562940,A,60888323.62,30,0.7113,77.1566,8560051361.28,120,87,72.5
РТИ,83,"ПАО ""ТехКомплект-94""",5862834378,C,60790752.02,40,0.7102,77.8668,8560051361.28,120,87,72.5
РТИ,84,"ПАО ""УралДеталь-52""",8347640543,C,60210272.23,30,0.7034,78.5702,8560051361.28,120,87,72.5
РТИ,85,"ИП ""ЭпсилонТех-14 Групп""",7761929248,B,60022901.24,33,0.7012,79.2714,8560051361.28,120,87,72.5
РТИ,86,"ИП ""УралДеталь-67""",3838939447,B,59699913.56,29,0.6974,79.9688,8560051361.28,120,87,72.5
РТИ,87,"ИП ""Севергруз-116""",6916520012,B,58665404.08,36,0.6853,80.6541,8560051361.28,120,87,72.5
РТИ,88,"АО ""УралДеталь-93""",8269858197,A,58383558.83,27,0.6820,81.3362,8560051361.28,120,87,72.5
РТИ,89,"ООО ""БетаТрейд-117""",6534526717,A,58345078.37,31,0.6816,82.0178,8560051361.28,120,87,72.5
РТИ,90,"ООО ""ТехКомплект-45""",9678016609,C,58106489.35,34,0.6788,82.6966,8560051361.28,120,87,72.5
РТИ,91,"ИП ""ДельтаЛогистик-84""",1328957857,B,57610070.71,34,0.6730,83.3696,8560051361.28,120,87,72.5
РТИ,92,"ПАО ""ВолгаТех-56""",8238363683,C,57601593.35,29,0.6729,84.0425,8560051361.28,120,87,72.5
РТИ,93,"ПАО ""СибирьОпт-24""",6203036487,B,56933888.58,28,0.6651,84.7076,8560051361.28,120,87,72.5
РТИ,94,"ИП ""Севергруз-5 Групп""",9354187804,A,56430139.82,28,0.6592,85.3669,8560051361.28,120,87,72.5
РТИ,95,"ИП ""БетаТрейд-27""",9604015376,A,56090542.31,31,0.6553,86.0221,8560051361.28,120,87,72.5
РТИ,96,"ПАО ""БетаТрейд-107""",5096320205,A,55769377.32,38,0.6515,86.6736,8560051361.28,120,87,72.5
РТИ,97,"ИП ""АльфаСнаб-73""",5550129760,C,54665271.46,37,0.6386,87.3122,8560051361.28,120,87,72.5
РТИ,98,"ООО ""Севергруз-59""",2876376128,B,54470393.63,26,0.6363,87.9486,8560051361.28,120,87,72.5
РТИ,99,"АО ""СтанкоСервис-34""",7614642252,A,53608609.34,22,0.6263,88.5748,8560051361.28,120,87,72.5
РТИ,100,"ПАО ""ЭлектроМир-83""",9385317786,C,52735295.60,31,0.6161,89.1909,8560051361.28,120,87,72.5
РТИ,101,"ПАО ""СтанкоСервис-113""",9062991254,C,52672989.54,28,0.6153,89.8062,8560051361.28,120,87,72.5
РТИ,102,"ИП ""ДельтаЛогистик-9 Групп""",7262793677,A,52413627.33,30,0.6123,90.4185,8560051361.28,120,87,72.5
РТИ,103,"ООО ""ПромСнаб-85""",1381538527,B,52014471.75,29,0.6076,91.0262,8560051361.28,120,87,72.5
РТИ,104,"ИП ""БетаТрейд-38""",8757438026,B,51884558.52,33,0.6061,91.6323,8560051361.28,120,87,72.5
РТИ,105,"ИП ""ПромСнаб-30""",9330400329,A,51858493.68,32,0.6058,92.2381,8560051361.28,120,87,72.5
РТИ,106,"АО ""АльфаСнаб-105""",4695450688,B,51108601.06,33,0.5971,92.8352,8560051361.28,120,87,72.5
РТИ,107,"ООО ""СибирьОпт-96""",3940742148,A,49583860.76,25,0.5792,93.4144,8560051361.28,120,87,72.5
РТИ,108,"ПАО ""АльфаСнаб-12 Групп""",6224825860,A,49346199.28,30,0.5765,93.9909,8560051361.28,120,87,72.5
РТИ,109,"ПАО ""ЭлектроМир-95""",4893091195,B,48639610.09,27,0.5682,94.5591,8560051361.28,120,87,72.5
РТИ,110,"ООО ""МеталлТорг-92""",4707533344,A,47296079.36,22,0.5525,95.1116,8560051361.28,120,87,72.5
РТИ,111,"АО ""ЭлектроМир-47""",4315494031,C,46863672.24,27,0.5475,95.6591,8560051361.28,120,87,72.5
РТИ,112,"АО ""ЭпсилонТех-55""",8870912118,B,46534944.91,23,0.5436,96.2027,8560051361.28,120,87,72.5
РТИ,113,"ПАО ""Севергруз-32""",4848744976,A,46452588.56,27,0.5427,96.7454,8560051361.28,120,87,72.5
РТИ,114,"ПАО ""ГаммаПром-13 Групп""",7679741117,A,44478636.32,27,0.5196,97.2650,8560051361.28,120,87,72.5
РТИ,115,"АО ""МеталлТорг-70""",2177052301,A,43726629.90,25,0.5108,97.7758,8560051361.28,120,87,72.5
РТИ,116,"ПАО ""УралДеталь-112""",9583012527,A,43723612.31,21,0.5108,98.2866,8560051361.28,120,87,72.5
РТИ,117,"ИП ""УралДеталь-68""",6899330264,C,43193457.89,30,0.5046,98.7912,8560051361.28,120,87,72.5
РТИ,118,"ООО ""СтанкоСервис-100""",2616565262,A,42275965.72,30,0.4939,99.2851,8560051361.28,120,87,72.5
РТИ,119,"ИП ""ТехКомплект-106""",6127484739,C,31413086.03,24,0.3670,99.6521,8560051361.28,120,87,72.5
РТИ,120,"ИП ""ЭпсилонТех-51""",2183066432,A,29784089.75,30,0.3479,100.0000,8560051361.28,120,87,72.5
Смазочные материалы,1,"ООО ""ГидроПром-15 Групп""",3556215410,C,183398229.40,99,1.8697,1.8697,9808884272.62,120,85,70.8
Смазочные материалы,2,"ООО ""ГаммаПром-22""",5256420704,B,165985305.74,88,1.6922,3.5619,9808884272.62,120,85,70.8
Смазочные материалы,3,"ООО ""ВолгаТех-43""",6824546805,B,159504358.32,88,1.6261,5.1880,9808884272.62,120,85,70.8
Смазочные материалы,4,"ООО ""ГидроПром-50""",5386956634,C,157592497.41,86,1.6066,6.7947,9808884272.62,120,85,70.8
Смазочные материалы,5,"АО ""ВолгаТех-1 Групп""",7396573762,B,152918007.72,72,1.5590,8.3536,9808884272.62,120,85,70.8
Смазочные материалы,6,"ООО ""ЭлектроМир-36""",9692833459,A,137189342.30,76,1.3986,9.7523,9808884272.62,120,85,70.8
Смазочные материалы,7,"ООО ""ЭпсилонТех-29""",1164438269,A,134827515.93,63,1.3745,11.1268,9808884272.62,120,85,70.8
Смазочные материалы,8,"ПАО ""БетаТрейд-107""",5096320205,A,120480534.02,53,1.2283,12.3551,9808884272.62,120,85,70.8
Смазочные материалы,9,"ИП ""ГидроПром-104""",1171278872,A,117163786.48,45,1.1945,13.5495,9808884272.62,120,85,70.8
Смазочные материалы,10,"АО ""ТехКомплект-8 Групп""",7408027797,C,114249355.41,63,1.1648,14.7143,9808884272.62,120,85,70.8
Смазочные материалы,11,"ПАО ""ТехКомплект-94""",5862834378,C,113681424.23,52,1.1590,15.8733,9808884272.62,120,85,70.8
Смазочные материалы,12,"ИП ""УралДеталь-108""",7199635800,A,112235855.23,53,1.1442,17.0175,9808884272.62,120,85,70.8
Смазочные материалы,13,"ООО ""ЭлектроМир-110""",9439228389,A,111628251.76,54,1.1380,18.1555,9808884272.62,120,85,70.8
Смазочные материалы,14,"ИП ""ПромСнаб-30""",9330400329,A,110536456.65,53,1.1269,19.2824,9808884272.62,120,85,70.8
Смазочные материалы,15,"ИП ""АльфаСнаб-19""",6251468548,C,109925041.32,53,1.1207,20.4031,9808884272.62,120,85,70.8
Смазочные материалы,16,"ПАО ""ЭпсилонТех-72""",1649173005,A,108678590.69,48,1.1080,21.5111,9808884272.62,120,85,70.8
Смазочные материалы,17,"ПАО ""АльфаСнаб-89""",2477900690,B,107542805.63,41,1.0964,22.6074,9808884272.62,120,85,70.8
Смазочные материалы,18,"ИП ""АльфаСнаб-25""",4236183119,C,106327353.27,55,1.0840,23.6914,9808884272.62,120,85,70.8
Смазочные материалы,19,"ИП ""ЭпсилонТех-51""",2183066432,A,105689538.50,48,1.0775,24.7689,9808884272.62,120,85,70.8
Смазочные материалы,20,"ИП ""ПромСнаб-61""",2248071481,C,101122788.54,41,1.0309,25.7998,9808884272.62,120,85,70.8
Смазочные материалы,21,"ПАО ""ЭлектроМир-57""",7893336702,C,99118154.68,44,1.0105,26.8103,9808884272.62,120,85,70.8
Смазочные материалы,22,"ООО ""ПромСнаб-11 Групп""",1268657293,A,98481871.24,40,1.0040,27.8143,9808884272.62,120,85,70.8
Смазочные материалы,23,"ПАО ""СибирьОпт-109""",1575720309,B,98298183.69,53,1.0021,28.8165,9808884272.62,120,85,70.8
Смазочные материалы,24,"ИП ""СибирьОпт-80""",2616661404,C,95932994.29,50,0.9780,29.7945,9808884272.62,120,85,70.8
Смазочные материалы,25,"ИП ""Севергруз-88""",2941331441,C,94977303.54,43,0.9683,30.7628,9808884272.62,120,85,70.8
Смазочные материалы,26,"ООО ""БетаТрейд-117""",6534526717,A,94441507.17,49,0.9628,31.7256,9808884272.62,120,85,70.8
Смазочные материалы,27,"ПАО ""ЭпсилонТех-79""",5889752316,B,92577392.79,46,0.9438,32.6694,9808884272.62,120,85,70.8
Смазочные материалы,28,"ИП ""ВолгаТех-64""",3967359575,C,92455587.11,56,0.9426,33.6120,9808884272.62,120,85,70.8
Смазочные материалы,29,"ИП ""СтанкоСервис-114""",6505846279,C,91795187.07,40,0.9358,34.5478,9808884272.62,120,85,70.8
Смазочные материалы,30,"ИП ""АльфаСнаб-73""",5550129760,C,91480541.32,46,0.9326,35.4804,9808884272.62,120,85,70.8
Смазочные материалы,31,"ООО ""СибирьОпт-111""",7497322282,A,91436616.80,48,0.9322,36.4126,9808884272.62,120,85,70.8
Смазочные материалы,32,"АО ""ПромСнаб-62""",6943791863,C,91206305.07,46,0.9298,37.3425,9808884272.62,120,85,70.8
Смазочные материалы,33,"ПАО ""СтанкоСервис-113""",9062991254,C,90857914.67,56,0.9263,38.2687,9808884272.62,120,85,70.8
Смазочные материалы,34,"ПАО ""Севергруз-58""",6703117816,B,90557603.18,46,0.9232,39.1920,9808884272.62,120,85,70.8
Смазочные материалы,35,"АО ""ЭлектроМир-101""",5660908709,B,90507319.88,42,0.9227,40.1147,9808884272.62,120,85,70.8
Смазочные материалы,36,"АО ""ТехКомплект-53""",9971592644,A,88676217.61,44,0.9040,41.0187,9808884272.62,120,85,70.8
Смазочные материалы,37,"ПАО ""СтанкоСервис-98""",5150285741,C,87635771.41,45,0.8934,41.9121,9808884272.62,120,85,70.8
Смазочные материалы,38,"ИП ""УралДеталь-68""",6899330264,C,86756812.98,36,0.8845,42.7966,9808884272.62,120,85,70.8
Смазочные материалы,39,"ООО ""УралДеталь-42""",4305019545,B,85344004.62,45,0.8701,43.6667,9808884272.62,120,85,70.8
Смазочные материалы,40,"ООО ""СибирьОпт-54""",8681026443,A,85325033.00,43,0.8699,44.5366,9808884272.62,120,85,70.8
Смазочные материалы,41,"ИП ""УралДеталь-40""",6947562940,A,84931494.35,37,0.8659,45.4024,9808884272.62,120,85,70.8
Смазочные материалы,42,"ООО ""МеталлТорг-76""",4790839966,A,84486175.77,42,0.8613,46.2637,9808884272.62,120,85,70.8
Смазочные материалы,43,"ИП ""СибирьОпт-103""",4736069149,B,84236858.52,39,0.8588,47.1225,9808884272.62,120,85,70.8
Смазочные материалы,44,"ИП ""БетаТрейд-27""",9604015376,A,84057579.11,45,0.8570,47.9795,9808884272.62,120,85,70.8
Смазочные материалы,45,"ООО ""БетаТрейд-90""",3281751713,A,83924312.53,45,0.8556,48.8351,9808884272.62,120,85,70.8
Смазочные материалы,46,"ИП ""Севергруз-5 Групп""",9354187804,A,83562844.74,40,0.8519,49.6870,9808884272.62,120,85,70.8
Смазочные материалы,47,"ООО ""ЭлектроМир-74""",3183881606,B,83213957.05,38,0.8484,50.5353,9808884272.62,120,85,70.8
Смазочные материалы,48,"ПАО ""ЭпсилонТех-16""",3879955568,A,82903028.83,44,0.8452,51.3805,9808884272.62,120,85,70.8
Смазочные материалы,49,"ПАО ""ДельтаЛогистик-7 Групп""",9648479014,B,82787114.38,41,0.8440,52.2245,9808884272.62,120,85,70.8
Смазочные материалы,50,"АО ""СтанкоСервис-34""",7614642252,A,82716704.16,42,0.8433,53.0678,9808884272.62,120,85,70.8
Смазочные материалы,51,"АО ""ВолгаТех-39""",9762292597,A,81804771.80,43,0.8340,53.9018,9808884272.62,120,85,70.8
Смазочные материалы,52,"ПАО ""ГаммаПром-4 Групп""",1026220989,B,81611764.57,46,0.8320,54.7338,9808884272.62,120,85,70.8
Смазочные материалы,53,"ООО ""СтанкоСервис-87""",9370180664,A,81342298.79,51,0.8293,55.5631,9808884272.62,120,85,70.8
Смазочные материалы,54,"ПАО ""ГаммаПром-21""",5510509420,A,80669893.53,42,0.8224,56.3855,9808884272.62,120,85,70.8
Смазочные материалы,55,"ПАО ""ЭпсилонТех-2 Групп""",1333205446,A,80548601.32,37,0.8212,57.2067,9808884272.62,120,85,70.8
Смазочные материалы,56,"ИП ""Севергруз-120""",6226202468,A,80110268.03,39,0.8167,58.0234,9808884272.62,120,85,70.8
Смазочные материалы,57,"ООО ""МеталлТорг-92""",4707533344,A,79761593.11,40,0.8132,58.8365,9808884272.62,120,85,70.8
Смазочные материалы,58,"АО ""ГаммаПром-33""",9026027108,C,79416456.68,37,0.8096,59.6462,9808884272.62,120,85,70.8
Смазочные материалы,59,"ИП ""БетаТрейд-38""",8757438026,B,79175211.82,45,0.8072,60.4534,9808884272.62,120,85,70.8
Смазочные материалы,60,"ООО ""ГидроПром-17""",4885347209,B,78984281.71,47,0.8052,61.2586,9808884272.62,120,85,70.8
Смазочные материалы,61,"ООО ""ДельтаЛогистик-48""",6729556589,B,78507315.00,40,0.8004,62.0590,9808884272.62,120,85,70.8
Смазочные материалы,62,"ПАО ""Севергруз-69""",5108515536,B,78392912.04,42,0.7992,62.8582,9808884272.62,120,85,70.8
Смазочные материалы,63,"ООО ""ПромСнаб-85""",1381538527,B,77607350.48,45,0.7912,63.6494,9808884272.62,120,85,70.8
Смазочные материалы,64,"ИП ""ЭлектроМир-26""",3430420654,B,76866832.57,34,0.7836,64.4330,9808884272.62,120,85,70.8
Смазочные материалы,65,"АО ""МеталлТорг-115""",4054258644,C,76650895.39,44,0.7814,65.2144,9808884272.62,120,85,70.8
Смазочные материалы,66,"ПАО ""ГидроПром-10 Групп""",4025236040,A,76514783.51,34,0.7801,65.9945,9808884272.62,120,85,70.8
Смазочные материалы,67,"ПАО ""ГаммаПром-13 Групп""",7679741117,A,75763129.06,39,0.7724,66.7669,9808884272.62,120,85,70.8
Смазочные материалы,68,"ООО ""ДельтаЛогистик-78""",8663952810,C,75723441.76,49,0.7720,67.5389,9808884272.62,120,85,70.8
Смазочные материалы,69,"ООО ""ЭпсилонТех-60""",8376759633,B,75249653.86,44,0.7672,68.3060,9808884272.62,120,85,70.8
Смазочные материалы,70,"АО ""ЭпсилонТех-81""",9318288828,B,75246476.93,45,0.7671,69.0732,9808884272.62,120,85,70.8
Смазочные материалы,71,"АО ""ЭпсилонТех-18""",6168600289,C,75143335.86,40,0.7661,69.8392,9808884272.62,120,85,70.8
Смазочные материалы,72,"АО ""УралДеталь-93""",8269858197,A,75110773.31,31,0.7657,70.6050,9808884272.62,120,85,70.8
Смазочные материалы,73,"ИП ""ДельтаЛогистик-9 Групп""",7262793677,A,74880267.33,31,0.7634,71.3684,9808884272.62,120,85,70.8
Смазочные материалы,74,"ПАО ""УралДеталь-112""",9583012527,A,74713802.56,42,0.7617,72.1301,9808884272.62,120,85,70.8
Смазочные материалы,75,"ПАО ""УралДеталь-52""",8347640543,C,74583762.29,40,0.7604,72.8904,9808884272.62,120,85,70.8
Смазочные материалы,76,"АО ""ГидроПром-44""",6939000485,C,73583100.06,37,0.7502,73.6406,9808884272.62,120,85,70.8
Смазочные материалы,77,"ИП ""УралДеталь-67""",3838939447,B,72987327.29,36,0.7441,74.3847,9808884272.62,120,85,70.8
Смазочные материалы,78,"ИП ""ГаммаПром-71""",6451166226,A,72709697.22,38,0.7413,75.1260,9808884272.62,120,85,70.8
Смазочные материалы,79,"ПАО ""ГидроПром-82""",5486176086,C,71959456.33,38,0.7336,75.8596,9808884272.62,120,85,70.8
Смазочные материалы,80,"АО ""ЭлектроМир-47""",4315494031,C,69313542.33,34,0.7066,76.5662,9808884272.62,120,85,70.8
Смазочные материалы,81,"ИП ""ЭпсилонТех-14 Групп""",7761929248,B,67932312.46,35,0.6926,77.2588,9808884272.62,120,85,70.8
Смазочные материалы,82,"АО ""МеталлТорг-3 Групп""",9676820827,B,67904953.34,32,0.6923,77.9511,9808884272.62,120,85,70.8
Смазочные материалы,83,"ООО ""АльфаСнаб-35""",1175213575,C,67484971.71,39,0.6880,78.6391,9808884272.62,120,85,70.8
Смазочные материалы,84,"АО ""МеталлТорг-70""",2177052301,A,67432360.94,40,0.6875,79.3265,9808884272.62,120,85,70.8
Смазочные материалы,85,"ИП ""СтанкоСервис-119""",8333128511,A,67083134.90,44,0.6839,80.0104,9808884272.62,120,85,70.8
Смазочные материалы,86,"ООО ""СибирьОпт-102""",4129682292,C,66459459.20,38,0.6775,80.6880,9808884272.62,120,85,70.8
Смазочные материалы,87,"ПАО ""СибирьОпт-63""",5200040610,B,65824977.61,33,0.6711,81.3590,9808884272.62,120,85,70.8
Смазочные материалы,88,"ПАО ""АльфаСнаб-12 Групп""",6224825860,A,64312940.94,35,0.6557,82.0147,9808884272.62,120,85,70.8
Смазочные материалы,89,"ИП ""ТехКомплект-106""",6127484739,C,64164191.53,31,0.6541,82.6688,9808884272.62,120,85,70.8
Смазочные материалы,90,"ИП ""ПромСнаб-75""",6209425602,C,63932416.00,35,0.6518,83.3206,9808884272.62,120,85,70.8
Смазочные материалы,91,"ПАО ""ЭлектроМир-95""",4893091195,B,62890126.78,33,0.6412,83.9618,9808884272.62,120,85,70.8
Смазочные материалы,92,"АО ""ГидроПром-65""",5816509712,A,62781772.78,34,0.6401,84.6018,9808884272.62,120,85,70.8
Смазочные материалы,93,"ООО ""ТехКомплект-45""",9678016609,C,62305037.71,31,0.6352,85.2370,9808884272.62,120,85,70.8
Смазочные материалы,94,"ИП ""Севергруз-116""",6916520012,B,62005088.60,34,0.6321,85.8692,9808884272.62,120,85,70.8
Смазочные материалы,95,"АО ""ВолгаТех-46""",3203403245,C,61022050.45,30,0.6221,86.4913,9808884272.62,120,85,70.8
Смазочные материалы,96,"ООО ""Севергруз-20""",9756965410,B,60987619.29,30,0.6218,87.1130,9808884272.62,120,85,70.8
Смазочные материалы,97,"ПАО ""Севергруз-32""",4848744976,A,60256175.51,42,0.6143,87.7273,9808884272.62,120,85,70.8
Смазочные материалы,98,"ИП ""ЭлектроМир-77""",3342574841,B,60150703.40,39,0.6132,88.3406,9808884272.62,120,85,70.8
Смазочные материалы,99,"АО ""АльфаСнаб-105""",4695450688,B,60103772.45,43,0.6127,88.9533,9808884272.62,120,85,70.8
Смазочные материалы,100,"ПАО ""ЭпсилонТех-31""",3498810138,C,59013377.18,38,0.6016,89.5549,9808884272.62,120,85,70.8
Смазочные материалы,101,"АО ""ВолгаТех-86""",1944444455,C,58989055.21,40,0.6014,90.1563,9808884272.62,120,85,70.8
Смазочные материалы,102,"ИП ""ТехКомплект-37""",6425784015,A,58712267.88,36,0.5986,90.7549,9808884272.62,120,85,70.8
Смазочные материалы,103,"ПАО ""ЭлектроМир-83""",9385317786,C,58154446.63,31,0.5929,91.3478,9808884272.62,120,85,70.8
Смазочные материалы,104,"ПАО ""СибирьОпт-24""",6203036487,B,57653686.19,35,0.5878,91.9355,9808884272.62,120,85,70.8
Смазочные материалы,105,"ИП ""ТехКомплект-91""",3871944604,C,57282790.62,34,0.5840,92.5195,9808884272.62,120,85,70.8
Смазочные материалы,106,"АО ""СтанкоСервис-49""",4544937676,C,56864603.71,38,0.5797,93.0992,9808884272.62,120,85,70.8
Смазочные материалы,107,"ООО ""Севергруз-59""",2876376128,B,56786789.49,37,0.5789,93.6782,9808884272.62,120,85,70.8
Смазочные материалы,108,"ООО ""СтанкоСервис-100""",2616565262,A,55542833.14,25,0.5663,94.2444,9808884272.62,120,85,70.8
Смазочные материалы,109,"ООО ""СибирьОпт-96""",3940742148,A,55472847.50,39,0.5655,94.8100,9808884272.62,120,85,70.8
Смазочные материалы,110,"ИП ""СибирьОпт-41""",6345050694,C,54616376.01,29,0.5568,95.3668,9808884272.62,120,85,70.8
Смазочные материалы,111,"ИП ""ДельтаЛогистик-84""",1328957857,B,53648534.48,41,0.5469,95.9137,9808884272.62,120,85,70.8
Смазочные материалы,112,"ООО ""ВолгаТех-97""",3478634414,A,51628243.71,33,0.5263,96.4400,9808884272.62,120,85,70.8
Смазочные материалы,113,"АО ""ЭлектроМир-99""",5326315150,B,51548798.41,30,0.5255,96.9656,9808884272.62,120,85,70.8
Смазочные материалы,114,"АО ""УралДеталь-6 Групп""",8563157612,C,50877875.70,25,0.5187,97.4843,9808884272.62,120,85,70.8
Смазочные материалы,115,"ПАО ""ВолгаТех-56""",8238363683,C,50078370.52,26,0.5105,97.9948,9808884272.62,120,85,70.8
Смазочные материалы,116,"АО ""ЭпсилонТех-55""",8870912118,B,47471294.07,34,0.4840,98.4788,9808884272.62,120,85,70.8
Смазочные материалы,117,"ООО ""СтанкоСервис-118""",1910495631,A,46831253.97,30,0.4774,98.9562,9808884272.62,120,85,70.8
Смазочные материалы,118,"ИП ""БетаТрейд-28""",7605742304,A,42034329.83,25,0.4285,99.3847,9808884272.62,120,85,70.8
Смазочные материалы,119,"АО ""ВолгаТех-66""",5944124879,A,31486788.40,28,0.3210,99.7057,9808884272.62,120,85,70.8
Смазочные материалы,120,"ИП ""Севергруз-23""",7661401524,A,28863217.76,23,0.2943,100.0000,9808884272.62,120,85,70.8
Спецодежда,1,"ООО ""ЭпсилонТех-29""",1164438269,A,170730902.48,85,1.9431,1.9431,8786685227.23,120,86,71.7
Спецодежда,2,"ООО ""ЭлектроМир-36""",9692833459,A,152271473.79,83,1.7330,3.6760,8786685227.23,120,86,71.7
Спецодежда,3,"АО ""ВолгаТех-1 Групп""",7396573762,B,148434660.34,71,1.6893,5.3654,8786685227.23,120,86,71.7
Спецодежда,4,"АО ""ТехКомплект-8 Групп""",7408027797,C,147226610.28,68,1.6756,7.0409,8786685227.23,120,86,71.7
Спецодежда,5,"ООО ""ГидроПром-15 Групп""",3556215410,C,122711285.48,68,1.3966,8.4375,8786685227.23,120,86,71.7
Спецодежда,6,"ООО ""ГидроПром-50""",5386956634,C,121617521.91,66,1.3841,9.8216,8786685227.23,120,86,71.7
Спецодежда,7,"ООО ""ВолгаТех-43""",6824546805,B,117696825.91,63,1.3395,11.1611,8786685227.23,120,86,71.7
Спецодежда,8,"ПАО ""ГаммаПром-21""",5510509420,A,113518498.56,49,1.2919,12.4530,8786685227.23,120,86,71.7
Спецодежда,9,"ООО ""ДельтаЛогистик-78""",8663952810,C,112746454.65,53,1.2832,13.7362,8786685227.23,120,86,71.7
Спецодежда,10,"ООО ""ГаммаПром-22""",5256420704,B,111092688.06,65,1.2643,15.0005,8786685227.23,120,86,71.7
Спецодежда,11,"ИП ""АльфаСнаб-25""",4236183119,C,109491292.61,57,1.2461,16.2466,8786685227.23,120,86,71.7
Спецодежда,12,"ПАО ""ГидроПром-82""",5486176086,C,107142243.21,49,1.2194,17.4660,8786685227.23,120,86,71.7
Спецодежда,13,"АО ""ГидроПром-44""",6939000485,C,106862063.20,41,1.2162,18.6822,8786685227.23,120,86,71.7
Спецодежда,14,"ООО ""БетаТрейд-117""",6534526717,A,102414750.37,48,1.1656,19.8477,8786685227.23,120,86,71.7
Спецодежда,15,"ИП ""ПромСнаб-30""",9330400329,A,102403589.74,51,1.1654,21.0132,8786685227.23,120,86,71.7
Спецодежда,16,"ИП ""СибирьОпт-41""",6345050694,C,101618425.28,44,1.1565,22.1697,8786685227.23,120,86,71.7
Спецодежда,17,"ООО ""Севергруз-59""",2876376128,B,96795125.60,45,1.1016,23.2713,8786685227.23,120,86,71.7
Спецодежда,18,"ПАО ""ГаммаПром-13 Групп""",7679741117,A,95238290.20,43,1.0839,24.3552,8786685227.23,120,86,71.7
Спецодежда,19,"ПАО ""ЭпсилонТех-16""",3879955568,A,95192769.39,42,1.0834,25.4386,8786685227.23,120,86,71.7
Спецодежда,20,"ИП ""ВолгаТех-64""",3967359575,C,94225326.29,50,1.0724,26.5109,8786685227.23,120,86,71.7
Спецодежда,21,"ИП ""АльфаСнаб-73""",5550129760,C,92478427.18,41,1.0525,27.5634,8786685227.23,120,86,71.7
Спецодежда,22,"АО ""ВолгаТех-66""",5944124879,A,89570997.56,38,1.0194,28.5828,8786685227.23,120,86,71.7
Спецодежда,23,"ООО ""ПромСнаб-11 Групп""",1268657293,A,88253906.60,43,1.0044,29.5872,8786685227.23,120,86,71.7
Спецодежда,24,"ИП ""СтанкоСервис-119""",8333128511,A,86769613.51,45,0.9875,30.5747,8786685227.23,120,86,71.7
Спецодежда,25,"ООО ""ВолгаТех-97""",3478634414,A,86294995.68,43,0.9821,31.5568,8786685227.23,120,86,71.7
Спецодежда,26,"АО ""УралДеталь-6 Групп""",8563157612,C,85350634.23,44,0.9714,32.5282,8786685227.23,120,86,71.7
Спецодежда,27,"ИП ""СибирьОпт-80""",2616661404,C,84393454.95,33,0.9605,33.4887,8786685227.23,120,86,71.7
Спецодежда,28,"ООО ""ДельтаЛогистик-48""",6729556589,B,83857995.54,39,0.9544,34.4430,8786685227.23,120,86,71.7
Спецодежда,29,"ПАО ""ЭпсилонТех-31""",3498810138,C,81892763.18,38,0.9320,35.3750,8786685227.23,120,86,71.7
Спецодежда,30,"ИП ""Севергруз-5 Групп""",9354187804,A,81319173.40,46,0.9255,36.3005,8786685227.23,120,86,71.7
Спецодежда,31,"ПАО ""СибирьОпт-109""",1575720309,B,80813530.82,45,0.9197,37.2203,8786685227.23,120,86,71.7
Спецодежда,32,"ПАО ""АльфаСнаб-12 Групп""",6224825860,A,80637896.44,48,0.9177,38.1380,8786685227.23,120,86,71.7
Спецодежда,33,"АО ""ЭлектроМир-99""",5326315150,B,79899845.72,38,0.9093,39.0473,8786685227.23,120,86,71.7
Спецодежда,34,"АО ""АльфаСнаб-105""",4695450688,B,79745350.61,32,0.9076,39.9549,8786685227.23,120,86,71.7
Спецодежда,35,"ИП ""ТехКомплект-37""",6425784015,A,79707007.84,36,0.9071,40.8620,8786685227.23,120,86,71.7
Спецодежда,36,"ИП ""УралДеталь-68""",6899330264,C,79135182.95,39,0.9006,41.7626,8786685227.23,120,86,71.7
Спецодежда,37,"ПАО ""БетаТрейд-107""",5096320205,A,78813817.29,41,0.8970,42.6596,8786685227.23,120,86,71.7
Спецодежда,38,"АО ""ЭлектроМир-47""",4315494031,C,78806857.48,34,0.8969,43.5565,8786685227.23,120,86,71.7
Спецодежда,39,"ИП ""ТехКомплект-91""",3871944604,C,78660121.00,32,0.8952,44.4517,8786685227.23,120,86,71.7
Спецодежда,40,"АО ""ВолгаТех-86""",1944444455,C,76448844.83,39,0.8701,45.3218,8786685227.23,120,86,71.7
Спецодежда,41,"ООО ""Севергруз-20""",9756965410,B,75732947.78,35,0.8619,46.1837,8786685227.23,120,86,71.7
Спецодежда,42,"ИП ""Севергруз-23""",7661401524,A,75709828.31,33,0.8616,47.0453,8786685227.23,120,86,71.7
Спецодежда,43,"ИП ""ЭлектроМир-77""",3342574841,B,75649471.98,35,0.8610,47.9063,8786685227.23,120,86,71.7
Спецодежда,44,"ООО ""ГидроПром-17""",4885347209,B,75491789.07,37,0.8592,48.7654,8786685227.23,120,86,71.7
Спецодежда,45,"ПАО ""ВолгаТех-56""",8238363683,C,74746864.80,25,0.8507,49.6161,8786685227.23,120,86,71.7
Спецодежда,46,"ИП ""АльфаСнаб-19""",6251468548,C,74666129.42,32,0.8498,50.4659,8786685227.23,120,86,71.7
Спецодежда,47,"ИП ""СибирьОпт-103""",4736069149,B,74536114.90,36,0.8483,51.3142,8786685227.23,120,86,71.7
Спецодежда,48,"ПАО ""СтанкоСервис-98""",5150285741,C,73785393.19,40,0.8397,52.1539,8786685227.23,120,86,71.7
Спецодежда,49,"ПАО ""ЭпсилонТех-72""",1649173005,A,73279456.82,38,0.8340,52.9879,8786685227.23,120,86,71.7
Спецодежда,50,"АО ""ВолгаТех-39""",9762292597,A,73054275.06,32,0.8314,53.8193,8786685227.23,120,86,71.7
Спецодежда,51,"АО ""ЭпсилонТех-55""",8870912118,B,71969784.34,36,0.8191,54.6384,8786685227.23,120,86,71.7
Спецодежда,52,"ИП ""СтанкоСервис-114""",6505846279,C,70233443.16,30,0.7993,55.4377,8786685227.23,120,86,71.7
Спецодежда,53,"ПАО ""ДельтаЛогистик-7 Групп""",9648479014,B,69231779.57,34,0.7879,56.2256,8786685227.23,120,86,71.7
Спецодежда,54,"ИП ""ГидроПром-104""",1171278872,A,68869009.49,35,0.7838,57.0094,8786685227.23,120,86,71.7
Спецодежда,55,"ИП ""БетаТрейд-27""",9604015376,A,68800132.12,34,0.7830,57.7924,8786685227.23,120,86,71.7
Спецодежда,56,"ИП ""ЭпсилонТех-51""",2183066432,A,67777957.01,29,0.7714,58.5638,8786685227.23,120,86,71.7
Спецодежда,57,"ООО ""СибирьОпт-111""",7497322282,A,67373566.07,41,0.7668,59.3306,8786685227.23,120,86,71.7
Спецодежда,58,"ООО ""СтанкоСервис-87""",9370180664,A,67293532.08,31,0.7659,60.0964,8786685227.23,120,86,71.7
Спецодежда,59,"ПАО ""ЭлектроМир-57""",7893336702,C,67159411.26,39,0.7643,60.8607,8786685227.23,120,86,71.7
Спецодежда,60,"ИП ""УралДеталь-108""",7199635800,A,67104646.74,40,0.7637,61.6245,8786685227.23,120,86,71.7
Спецодежда,61,"ПАО ""ГаммаПром-4 Групп""",1026220989,B,66828039.75,36,0.7606,62.3850,8786685227.23,120,86,71.7
Спецодежда,62,"АО ""МеталлТорг-115""",4054258644,C,66772835.53,32,0.7599,63.1449,8786685227.23,120,86,71.7
Спецодежда,63,"АО ""ГидроПром-65""",5816509712,A,66090682.06,41,0.7522,63.8971,8786685227.23,120,86,71.7
Спецодежда,64,"ООО ""УралДеталь-42""",4305019545,B,65790783.61,40,0.7488,64.6459,8786685227.23,120,86,71.7
Спецодежда,65,"ООО ""АльфаСнаб-35""",1175213575,C,65739312.35,35,0.7482,65.3940,8786685227.23,120,86,71.7
Спецодежда,66,"АО ""СтанкоСервис-49""",4544937676,C,65474601.35,30,0.7452,66.1392,8786685227.23,120,86,71.7
Спецодежда,67,"ИП ""БетаТрейд-28""",7605742304,A,65220730.04,33,0.7423,66.8815,8786685227.23,120,86,71.7
Спецодежда,68,"ООО ""СибирьОпт-54""",8681026443,A,64879542.48,36,0.7384,67.6198,8786685227.23,120,86,71.7
Спецодежда,69,"ИП ""ДельтаЛогистик-9 Групп""",7262793677,A,64580777.98,28,0.7350,68.3548,8786685227.23,120,86,71.7
Спецодежда,70,"ИП ""Севергруз-88""",2941331441,C,64301226.15,28,0.7318,69.0866,8786685227.23,120,86,71.7
Спецодежда,71,"ПАО ""СибирьОпт-63""",5200040610,B,64017410.02,36,0.7286,69.8152,8786685227.23,120,86,71.7
Спецодежда,72,"АО ""ЭпсилонТех-81""",9318288828,B,63770329.34,44,0.7258,70.5410,8786685227.23,120,86,71.7
Спецодежда,73,"ПАО ""СибирьОпт-24""",6203036487,B,63764749.33,27,0.7257,71.2667,8786685227.23,120,86,71.7
Спецодежда,74,"АО ""МеталлТорг-3 Групп""",9676820827,B,62982274.79,25,0.7168,71.9835,8786685227.23,120,86,71.7
Спецодежда,75,"ООО ""ЭпсилонТех-60""",8376759633,B,62943004.62,37,0.7163,72.6998,8786685227.23,120,86,71.7
Спецодежда,76,"ИП ""ПромСнаб-61""",2248071481,C,62896471.54,33,0.7158,73.4156,8786685227.23,120,86,71.7
Спецодежда,77,"ООО ""СибирьОпт-102""",4129682292,C,62759066.92,39,0.7143,74.1299,8786685227.23,120,86,71.7
Спецодежда,78,"ПАО ""ЭлектроМир-83""",9385317786,C,62519645.06,35,0.7115,74.8414,8786685227.23,120,86,71.7
Спецодежда,79,"АО ""ПромСнаб-62""",6943791863,C,62253843.25,35,0.7085,75.5499,8786685227.23,120,86,71.7
Спецодежда,80,"ПАО ""ГидроПром-10 Групп""",4025236040,A,61875509.43,34,0.7042,76.2541,8786685227.23,120,86,71.7
Спецодежда,81,"ИП ""Севергруз-120""",6226202468,A,61255686.99,29,0.6971,76.9512,8786685227.23,120,86,71.7
Спецодежда,82,"ИП ""БетаТрейд-38""",8757438026,B,61138640.09,33,0.6958,77.6471,8786685227.23,120,86,71.7
Спецодежда,83,"ПАО ""ЭпсилонТех-2 Групп""",1333205446,A,60960585.86,40,0.6938,78.3408,8786685227.23,120,86,71.7
Спецодежда,84,"ООО ""ЭлектроМир-110""",9439228389,A,60299405.83,31,0.6863,79.0271,8786685227.23,120,86,71.7
Спецодежда,85,"ООО ""БетаТрейд-90""",3281751713,A,60126814.84,42,0.6843,79.7114,8786685227.23,120,86,71.7
Спецодежда,86,"АО ""ГаммаПром-33""",9026027108,C,59773999.72,30,0.6803,80.3917,8786685227.23,120,86,71.7
Спецодежда,87,"ИП ""Севергруз-116""",6916520012,B,59604590.81,28,0.6784,81.0700,8786685227.23,120,86,71.7
Спецодежда,88,"АО ""ВолгаТех-46""",3203403245,C,59194580.49,26,0.6737,81.7437,8786685227.23,120,86,71.7
Спецодежда,89,"ИП ""ГаммаПром-71""",6451166226,A,59000884.58,32,0.6715,82.4152,8786685227.23,120,86,71.7
Спецодежда,90,"ИП ""ДельтаЛогистик-84""",1328957857,B,58834183.73,34,0.6696,83.0848,8786685227.23,120,86,71.7
Спецодежда,91,"АО ""СтанкоСервис-34""",7614642252,A,57855843.30,35,0.6584,83.7432,8786685227.23,120,86,71.7
Спецодежда,92,"ПАО ""ТехКомплект-94""",5862834378,C,56919059.11,32,0.6478,84.3910,8786685227.23,120,86,71.7
Спецодежда,93,"ООО ""МеталлТорг-92""",4707533344,A,56839216.79,32,0.6469,85.0379,8786685227.23,120,86,71.7
Спецодежда,94,"ПАО ""АльфаСнаб-89""",2477900690,B,56342191.26,31,0.6412,85.6791,8786685227.23,120,86,71.7
Спецодежда,95,"ПАО ""УралДеталь-52""",8347640543,C,55811230.00,37,0.6352,86.3143,8786685227.23,120,86,71.7
Спецодежда,96,"ПАО ""Севергруз-69""",5108515536,B,55022931.41,31,0.6262,86.9405,8786685227.23,120,86,71.7
Спецодежда,97,"ПАО ""Севергруз-32""",4848744976,A,54786471.73,29,0.6235,87.5640,8786685227.23,120,86,71.7
Спецодежда,98,"ПАО ""СтанкоСервис-113""",9062991254,C,53556774.20,40,0.6095,88.1735,8786685227.23,120,86,71.7
Спецодежда,99,"АО ""ЭлектроМир-101""",5660908709,B,53417274.80,22,0.6079,88.7815,8786685227.23,120,86,71.7
Спецодежда,100,"ООО ""ПромСнаб-85""",1381538527,B,52027396.51,30,0.5921,89.3736,8786685227.23,120,86,71.7
Спецодежда,101,"ИП ""ТехКомплект-106""",6127484739,C,51873526.10,31,0.5904,89.9639,8786685227.23,120,86,71.7
Спецодежда,102,"ИП ""УралДеталь-40""",6947562940,A,51245102.43,28,0.5832,90.5472,8786685227.23,120,86,71.7
Спецодежда,103,"ПАО ""ЭпсилонТех-79""",5889752316,B,50847119.73,27,0.5787,91.1258,8786685227.23,120,86,71.7
Спецодежда,104,"ПАО ""Севергруз-58""",6703117816,B,50731332.97,36,0.5774,91.7032,8786685227.23,120,86,71.7
Спецодежда,105,"АО ""ТехКомплект-53""",9971592644,A,50509010.99,33,0.5748,92.2780,8786685227.23,120,86,71.7
Спецодежда,106,"ООО ""ТехКомплект-45""",9678016609,C,50491798.22,30,0.5746,92.8527,8786685227.23,120,86,71.7
Спецодежда,107,"ООО ""СибирьОпт-96""",3940742148,A,50410706.17,30,0.5737,93.4264,8786685227.23,120,86,71.7
Спецодежда,108,"АО ""МеталлТорг-70""",2177052301,A,50088266.32,29,0.5700,93.9965,8786685227.23,120,86,71.7
Спецодежда,109,"ООО ""СтанкоСервис-118""",1910495631,A,49260695.60,31,0.5606,94.5571,8786685227.23,120,86,71.7
Спецодежда,110,"АО ""УралДеталь-93""",8269858197,A,46578629.43,29,0.5301,95.0872,8786685227.23,120,86,71.7
Спецодежда,111,"ИП ""ЭлектроМир-26""",3430420654,B,46491681.17,27,0.5291,95.6163,8786685227.23,120,86,71.7
Спецодежда,112,"ПАО ""ЭлектроМир-95""",4893091195,B,46050836.22,23,0.5241,96.1404,8786685227.23,120,86,71.7
Спецодежда,113,"ООО ""МеталлТорг-76""",4790839966,A,45731354.00,30,0.5205,96.6609,8786685227.23,120,86,71.7
Спецодежда,114,"ООО ""СтанкоСервис-100""",2616565262,A,45137428.17,21,0.5137,97.1746,8786685227.23,120,86,71.7
Спецодежда,115,"ООО ""ЭлектроМир-74""",3183881606,B,43523819.76,23,0.4953,97.6699,8786685227.23,120,86,71.7
Спецодежда,116,"ИП ""ЭпсилонТех-14 Групп""",7761929248,B,43320003.07,30,0.4930,98.1629,8786685227.23,120,86,71.7
Спецодежда,117,"ПАО ""УралДеталь-112""",9583012527,A,41306663.81,24,0.4701,98.6330,8786685227.23,120,86,71.7
Спецодежда,118,"ИП ""УралДеталь-67""",3838939447,B,41098076.97,32,0.4677,99.1008,8786685227.23,120,86,71.7
Спецодежда,119,"ИП ""ПромСнаб-75""",6209425602,C,39828661.63,25,0.4533,99.5540,8786685227.23,120,86,71.7
Спецодежда,120,"АО ""ЭпсилонТех-18""",6168600289,C,39185169.54,28,0.4460,100.0000,8786685227.23,120,86,71.7
Фильтры,1,"ООО ""ГидроПром-50""",5386956634,C,154087889.17,85,1.7972,1.7972,8573889989.02,120,87,72.5
Фильтры,2,"ООО ""ГидроПром-15 Групп""",3556215410,C,148422885.70,74,1.7311,3.5283,8573889989.02,120,87,72.5
Фильтры,3,"ООО ""ВолгаТех-43""",6824546805,B,136058830.94,75,1.5869,5.1152,8573889989.02,120,87,72.5
Фильтры,4,"ООО ""ЭлектроМир-36""",9692833459,A,131916329.41,75,1.5386,6.6538,8573889989.02,120,87,72.5
Фильтры,5,"ИП ""БетаТрейд-38""",8757438026,B,118842555.08,49,1.3861,8.0399,8573889989.02,120,87,72.5
Фильтры,6,"ООО ""ГаммаПром-22""",5256420704,B,116919955.64,74,1.3637,9.4035,8573889989.02,120,87,72.5
Фильтры,7,"АО ""ВолгаТех-1 Групп""",7396573762,B,112153552.37,77,1.3081,10.7116,8573889989.02,120,87,72.5
Фильтры,8,"ИП ""СтанкоСервис-119""",8333128511,A,105729568.45,46,1.2332,11.9448,8573889989.02,120,87,72.5
Фильтры,9,"ООО ""ЭпсилонТех-60""",8376759633,B,103690536.74,47,1.2094,13.1541,8573889989.02,120,87,72.5
Фильтры,10,"ПАО ""ТехКомплект-94""",5862834378,C,102454130.59,50,1.1950,14.3491,8573889989.02,120,87,72.5
Фильтры,11,"ООО ""СтанкоСервис-87""",9370180664,A,99203653.65,43,1.1570,15.5061,8573889989.02,120,87,72.5
Фильтры,12,"ИП ""ВолгаТех-64""",3967359575,C,97795750.09,47,1.1406,16.6468,8573889989.02,120,87,72.5
Фильтры,13,"ИП ""Севергруз-88""",2941331441,C,96196421.24,42,1.1220,17.7687,8573889989.02,120,87,72.5
Фильтры,14,"ИП ""БетаТрейд-28""",7605742304,A,89915798.56,45,1.0487,18.8175,8573889989.02,120,87,72.5
Фильтры,15,"ООО ""СибирьОпт-54""",8681026443,A,88756230.15,34,1.0352,19.8526,8573889989.02,120,87,72.5
Фильтры,16,"ПАО ""СтанкоСервис-98""",5150285741,C,88395875.41,41,1.0310,20.8836,8573889989.02,120,87,72.5
Фильтры,17,"ИП ""ЭпсилонТех-51""",2183066432,A,88078246.75,39,1.0273,21.9109,8573889989.02,120,87,72.5
Фильтры,18,"ПАО ""ГаммаПром-21""",5510509420,A,86649380.67,39,1.0106,22.9215,8573889989.02,120,87,72.5
Фильтры,19,"ООО ""СибирьОпт-102""",4129682292,C,86289144.92,44,1.0064,23.9280,8573889989.02,120,87,72.5
Фильтры,20,"ПАО ""Севергруз-69""",5108515536,B,85071626.54,46,0.9922,24.9202,8573889989.02,120,87,72.5
Фильтры,21,"ООО ""МеталлТорг-92""",4707533344,A,83879788.75,42,0.9783,25.8985,8573889989.02,120,87,72.5
Фильтры,22,"АО ""ЭпсилонТех-18""",6168600289,C,83770642.42,43,0.9770,26.8755,8573889989.02,120,87,72.5
Фильтры,23,"ПАО ""АльфаСнаб-89""",2477900690,B,83666307.57,37,0.9758,27.8514,8573889989.02,120,87,72.5
Фильтры,24,"АО ""УралДеталь-6 Групп""",8563157612,C,83491440.80,40,0.9738,28.8251,8573889989.02,120,87,72.5
Фильтры,25,"АО ""АльфаСнаб-105""",4695450688,B,83396395.07,34,0.9727,29.7978,8573889989.02,120,87,72.5
Фильтры,26,"ИП ""ПромСнаб-75""",6209425602,C,83099666.81,39,0.9692,30.7670,8573889989.02,120,87,72.5
Фильтры,27,"ИП ""ПромСнаб-30""",9330400329,A,83076328.35,42,0.9689,31.7360,8573889989.02,120,87,72.5
Фильтры,28,"ИП ""АльфаСнаб-25""",4236183119,C,82835967.57,44,0.9661,32.7021,8573889989.02,120,87,72.5
Фильтры,29,"ИП ""Севергруз-5 Групп""",9354187804,A,82617971.79,39,0.9636,33.6657,8573889989.02,120,87,72.5
Фильтры,30,"АО ""МеталлТорг-70""",2177052301,A,81985374.87,38,0.9562,34.6220,8573889989.02,120,87,72.5
Фильтры,31,"ИП ""УралДеталь-67""",3838939447,B,81540062.63,38,0.9510,35.5730,8573889989.02,120,87,72.5
Фильтры,32,"ООО ""ГидроПром-17""",4885347209,B,81474624.48,36,0.9503,36.5232,8573889989.02,120,87,72.5
Фильтры,33,"ИП ""ГидроПром-104""",1171278872,A,80862922.77,46,0.9431,37.4664,8573889989.02,120,87,72.5
Фильтры,34,"АО ""ЭлектроМир-99""",5326315150,B,80590096.53,47,0.9399,38.4063,8573889989.02,120,87,72.5
Фильтры,35,"ИП ""Севергруз-120""",6226202468,A,80023724.39,33,0.9333,39.3397,8573889989.02,120,87,72.5
Фильтры,36,"ИП ""БетаТрейд-27""",9604015376,A,79258170.89,42,0.9244,40.2641,8573889989.02,120,87,72.5
Фильтры,37,"ПАО ""ЭпсилонТех-79""",5889752316,B,78145803.75,39,0.9114,41.1755,8573889989.02,120,87,72.5
Фильтры,38,"ООО ""АльфаСнаб-35""",1175213575,C,77836915.83,37,0.9078,42.0834,8573889989.02,120,87,72.5
Фильтры,39,"АО ""ГидроПром-44""",6939000485,C,76856111.74,36,0.8964,42.9798,8573889989.02,120,87,72.5
Фильтры,40,"ООО ""БетаТрейд-90""",3281751713,A,76633548.95,43,0.8938,43.8736,8573889989.02,120,87,72.5
Фильтры,41,"АО ""УралДеталь-93""",8269858197,A,76625382.74,33,0.8937,44.7673,8573889989.02,120,87,72.5
Фильтры,42,"ПАО ""ЭлектроМир-83""",9385317786,C,75882535.98,39,0.8850,45.6523,8573889989.02,120,87,72.5
Фильтры,43,"ООО ""ПромСнаб-11 Групп""",1268657293,A,75095005.72,39,0.8759,46.5282,8573889989.02,120,87,72.5
Фильтры,44,"АО ""ТехКомплект-53""",9971592644,A,75019879.97,38,0.8750,47.4031,8573889989.02,120,87,72.5
Фильтры,45,"ПАО ""ЭпсилонТех-16""",3879955568,A,74755678.99,37,0.8719,48.2750,8573889989.02,120,87,72.5
Фильтры,46,"ИП ""ПромСнаб-61""",2248071481,C,74537754.71,35,0.8694,49.1444,8573889989.02,120,87,72.5
Фильтры,47,"ПАО ""БетаТрейд-107""",5096320205,A,74428094.04,32,0.8681,50.0125,8573889989.02,120,87,72.5
Фильтры,48,"ООО ""ЭлектроМир-110""",9439228389,A,73695062.17,36,0.8595,50.8720,8573889989.02,120,87,72.5
Фильтры,49,"АО ""ЭлектроМир-101""",5660908709,B,71595301.05,34,0.8350,51.7070,8573889989.02,120,87,72.5
Фильтры,50,"ООО ""ЭпсилонТех-29""",1164438269,A,71493243.65,46,0.8338,52.5409,8573889989.02,120,87,72.5
Фильтры,51,"ПАО ""ГидроПром-82""",5486176086,C,70977906.48,31,0.8278,53.3687,8573889989.02,120,87,72.5
Фильтры,52,"ПАО ""ЭлектроМир-57""",7893336702,C,70952147.38,39,0.8275,54.1963,8573889989.02,120,87,72.5
Фильтры,53,"ООО ""Севергруз-59""",2876376128,B,70921770.73,42,0.8272,55.0234,8573889989.02,120,87,72.5
Фильтры,54,"ООО ""ДельтаЛогистик-78""",8663952810,C,70772382.40,40,0.8254,55.8489,8573889989.02,120,87,72.5
Фильтры,55,"ООО ""ВолгаТех-97""",3478634414,A,70315276.60,30,0.8201,56.6690,8573889989.02,120,87,72.5
Фильтры,56,"АО ""ВолгаТех-39""",9762292597,A,69400095.57,35,0.8094,57.4784,8573889989.02,120,87,72.5
Фильтры,57,"ИП ""ЭпсилонТех-14 Групп""",7761929248,B,68985260.42,37,0.8046,58.2830,8573889989.02,120,87,72.5
Фильтры,58,"ООО ""СибирьОпт-96""",3940742148,A,68686400.97,39,0.8011,59.0841,8573889989.02,120,87,72.5
Фильтры,59,"ООО ""ЭлектроМир-74""",3183881606,B,68562532.82,34,0.7997,59.8838,8573889989.02,120,87,72.5
Фильтры,60,"ООО ""ПромСнаб-85""",1381538527,B,68446369.99,37,0.7983,60.6821,8573889989.02,120,87,72.5
Фильтры,61,"АО ""ВолгаТех-86""",1944444455,C,68155411.93,37,0.7949,61.4770,8573889989.02,120,87,72.5
Фильтры,62,"ПАО ""УралДеталь-52""",8347640543,C,68067497.54,41,0.7939,62.2709,8573889989.02,120,87,72.5
Фильтры,63,"ООО ""СибирьОпт-111""",7497322282,A,67524354.19,35,0.7876,63.0585,8573889989.02,120,87,72.5
Фильтры,64,"ПАО ""Севергруз-58""",6703117816,B,67247963.49,36,0.7843,63.8428,8573889989.02,120,87,72.5
Фильтры,65,"ИП ""ДельтаЛогистик-84""",1328957857,B,66891053.98,40,0.7802,64.6230,8573889989.02,120,87,72.5
Фильтры,66,"ИП ""СибирьОпт-80""",2616661404,C,66329614.45,36,0.7736,65.3966,8573889989.02,120,87,72.5
Фильтры,67,"ИП ""АльфаСнаб-19""",6251468548,C,65796388.69,28,0.7674,66.1640,8573889989.02,120,87,72.5
Фильтры,68,"ИП ""ТехКомплект-37""",6425784015,A,65250890.32,37,0.7610,66.9251,8573889989.02,120,87,72.5
Фильтры,69,"ИП ""ЭлектроМир-77""",3342574841,B,64968876.19,37,0.7578,67.6828,8573889989.02,120,87,72.5
Фильтры,70,"ИП ""СибирьОпт-103""",4736069149,B,64304495.31,37,0.7500,68.4328,8573889989.02,120,87,72.5
Фильтры,71,"ООО ""БетаТрейд-117""",6534526717,A,63528212.94,34,0.7409,69.1738,8573889989.02,120,87,72.5
Фильтры,72,"ИП ""СибирьОпт-41""",6345050694,C,62984352.94,32,0.7346,69.9084,8573889989.02,120,87,72.5
Фильтры,73,"ИП ""ДельтаЛогистик-9 Групп""",7262793677,A,62647701.16,33,0.7307,70.6391,8573889989.02,120,87,72.5
Фильтры,74,"ООО ""ДельтаЛогистик-48""",6729556589,B,62482177.73,35,0.7287,71.3678,8573889989.02,120,87,72.5
Фильтры,75,"ПАО ""ГаммаПром-13 Групп""",7679741117,A,61985086.94,29,0.7230,72.0908,8573889989.02,120,87,72.5
Фильтры,76,"ИП ""ГаммаПром-71""",6451166226,A,61941655.68,32,0.7224,72.8132,8573889989.02,120,87,72.5
Фильтры,77,"ИП ""УралДеталь-68""",6899330264,C,61540986.42,33,0.7178,73.5310,8573889989.02,120,87,72.5
Фильтры,78,"ИП ""АльфаСнаб-73""",5550129760,C,61291965.21,37,0.7149,74.2458,8573889989.02,120,87,72.5
Фильтры,79,"ООО ""Севергруз-20""",9756965410,B,60822309.32,38,0.7094,74.9552,8573889989.02,120,87,72.5
Фильтры,80,"АО ""ВолгаТех-46""",3203403245,C,60640625.62,29,0.7073,75.6625,8573889989.02,120,87,72.5
Фильтры,81,"ИП ""Севергруз-116""",6916520012,B,60540401.59,38,0.7061,76.3686,8573889989.02,120,87,72.5
Фильтры,82,"АО ""ВолгаТех-66""",5944124879,A,59866254.84,35,0.6982,77.0668,8573889989.02,120,87,72.5
Фильтры,83,"АО ""ТехКомплект-8 Групп""",7408027797,C,59611618.26,60,0.6953,77.7621,8573889989.02,120,87,72.5
Фильтры,84,"ПАО ""АльфаСнаб-12 Групп""",6224825860,A,59376210.68,31,0.6925,78.4546,8573889989.02,120,87,72.5
Фильтры,85,"ПАО ""ГаммаПром-4 Групп""",1026220989,B,57873513.00,36,0.6750,79.1296,8573889989.02,120,87,72.5
Фильтры,86,"ООО ""СтанкоСервис-118""",1910495631,A,57773910.85,34,0.6738,79.8035,8573889989.02,120,87,72.5
Фильтры,87,"ООО ""МеталлТорг-76""",4790839966,A,57669721.56,27,0.6726,80.4761,8573889989.02,120,87,72.5
Фильтры,88,"АО ""ГидроПром-65""",5816509712,A,57572978.36,38,0.6715,81.1476,8573889989.02,120,87,72.5
Фильтры,89,"АО ""МеталлТорг-115""",4054258644,C,57235318.04,31,0.6676,81.8151,8573889989.02,120,87,72.5
Фильтры,90,"ПАО ""ЭпсилонТех-2 Групп""",1333205446,A,57142978.97,27,0.6665,82.4816,8573889989.02,120,87,72.5
Фильтры,91,"ИП ""ТехКомплект-106""",6127484739,C,57031364.91,31,0.6652,83.1468,8573889989.02,120,87,72.5
Фильтры,92,"ООО ""УралДеталь-42""",4305019545,B,56817698.36,27,0.6627,83.8095,8573889989.02,120,87,72.5
Фильтры,93,"ПАО ""ЭпсилонТех-72""",1649173005,A,56648433.17,36,0.6607,84.4702,8573889989.02,120,87,72.5
Фильтры,94,"ИП ""УралДеталь-108""",7199635800,A,56491398.48,33,0.6589,85.1291,8573889989.02,120,87,72.5
Фильтры,95,"ИП ""ТехКомплект-91""",3871944604,C,55897952.57,38,0.6520,85.7810,8573889989.02,120,87,72.5
Фильтры,96,"АО ""ГаммаПром-33""",9026027108,C,55844076.70,29,0.6513,86.4323,8573889989.02,120,87,72.5
Фильтры,97,"АО ""ЭлектроМир-47""",4315494031,C,55448785.30,28,0.6467,87.0791,8573889989.02,120,87,72.5
Фильтры,98,"АО ""МеталлТорг-3 Групп""",9676820827,B,54896880.82,33,0.6403,87.7193,8573889989.02,120,87,72.5
Фильтры,99,"ИП ""Севергруз-23""",7661401524,A,54865163.94,34,0.6399,88.3592,8573889989.02,120,87,72.5
Фильтры,100,"ПАО ""СибирьОпт-109""",1575720309,B,54687730.02,32,0.6378,88.9971,8573889989.02,120,87,72.5
Фильтры,101,"АО ""ПромСнаб-62""",6943791863,C,54602162.15,34,0.6368,89.6339,8573889989.02,120,87,72.5
Фильтры,102,"ПАО ""ВолгаТех-56""",8238363683,C,54428488.21,23,0.6348,90.2687,8573889989.02,120,87,72.5
Фильтры,103,"ПАО ""ЭлектроМир-95""",4893091195,B,53747090.02,33,0.6269,90.8956,8573889989.02,120,87,72.5
Фильтры,104,"ПАО ""СибирьОпт-63""",5200040610,B,53741520.89,31,0.6268,91.5224,8573889989.02,120,87,72.5
Фильтры,105,"ИП ""СтанкоСервис-114""",6505846279,C,53385574.58,38,0.6227,92.1451,8573889989.02,120,87,72.5
Фильтры,106,"ПАО ""УралДеталь-112""",9583012527,A,51666013.34,33,0.6026,92.7477,8573889989.02,120,87,72.5
Фильтры,107,"ПАО ""ГидроПром-10 Групп""",4025236040,A,51070755.91,29,0.5957,93.3433,8573889989.02,120,87,72.5
Фильтры,108,"ПАО ""Севергруз-32""",4848744976,A,51054283.95,36,0.5955,93.9388,8573889989.02,120,87,72.5
Фильтры,109,"ПАО ""СибирьОпт-24""",6203036487,B,49666209.80,26,0.5793,94.5181,8573889989.02,120,87,72.5
Фильтры,110,"ИП ""ЭлектроМир-26""",3430420654,B,47973582.57,33,0.5595,95.0776,8573889989.02,120,87,72.5
Фильтры,111,"АО ""ЭпсилонТех-55""",8870912118,B,47598478.60,27,0.5552,95.6327,8573889989.02,120,87,72.5
Фильтры,112,"ПАО ""ДельтаЛогистик-7 Групп""",9648479014,B,46264742.38,26,0.5396,96.1723,8573889989.02,120,87,72.5
Фильтры,113,"АО ""СтанкоСервис-49""",4544937676,C,44895343.51,21,0.5236,96.6960,8573889989.02,120,87,72.5
Фильтры,114,"ООО ""СтанкоСервис-100""",2616565262,A,44569170.57,23,0.5198,97.2158,8573889989.02,120,87,72.5
Фильтры,115,"АО ""СтанкоСервис-34""",7614642252,A,42677667.85,33,0.4978,97.7136,8573889989.02,120,87,72.5
Фильтры,116,"ПАО ""СтанкоСервис-113""",9062991254,C,42669705.93,32,0.4977,98.2112,8573889989.02,120,87,72.5
Фильтры,117,"ПАО ""ЭпсилонТех-31""",3498810138,C,39784014.86,24,0.4640,98.6752,8573889989.02,120,87,72.5
Фильтры,118,"ООО ""ТехКомплект-45""",9678016609,C,39154307.32,27,0.4567,99.1319,8573889989.02,120,87,72.5
Фильтры,119,"ИП ""УралДеталь-40""",6947562940,A,37638157.08,18,0.4390,99.5709,8573889989.02,120,87,72.5
Фильтры,120,"АО ""ЭпсилонТех-81""",9318288828,B,36790398.61,26,0.4291,100.0000,8573889989.02,120,87,72.5
Электрика,1,"ООО ""ГаммаПром-22""",5256420704,B,153811860.87,70,2.0252,2.0252,7594784176.69,120,84,70.0
Электрика,2,"ООО ""ГидроПром-50""",5386956634,C,147631575.31,74,1.9439,3.9691,7594784176.69,120,84,70.0
Электрика,3,"ООО ""СтанкоСервис-87""",9370180664,A,115173540.88,38,1.5165,5.4856,7594784176.69,120,84,70.0
Электрика,4,"АО ""ГаммаПром-33""",9026027108,C,112081373.15,45,1.4758,6.9613,7594784176.69,120,84,70.0
Электрика,5,"ООО ""ГидроПром-15 Групп""",3556215410,C,102662750.87,51,1.3518,8.3131,7594784176.69,120,84,70.0
Электрика,6,"ООО ""ЭлектроМир-36""",9692833459,A,100648200.81,64,1.3252,9.6383,7594784176.69,120,84,70.0
Электрика,7,"АО ""ТехКомплект-8 Групп""",7408027797,C,98414572.98,62,1.2958,10.9341,7594784176.69,120,84,70.0
Электрика,8,"ООО ""ВолгаТех-43""",6824546805,B,98347005.80,58,1.2949,12.2291,7594784176.69,120,84,70.0
Электрика,9,"ИП ""АльфаСнаб-73""",5550129760,C,97467516.93,38,1.2833,13.5124,7594784176.69,120,84,70.0
Электрика,10,"ПАО ""ГаммаПром-4 Групп""",1026220989,B,95069701.52,36,1.2518,14.7642,7594784176.69,120,84,70.0
Электрика,11,"АО ""ЭпсилонТех-18""",6168600289,C,91677452.69,43,1.2071,15.9713,7594784176.69,120,84,70.0
Электрика,12,"АО ""ВолгаТех-1 Групп""",7396573762,B,91209694.09,56,1.2010,17.1722,7594784176.69,120,84,70.0
Электрика,13,"ИП ""СибирьОпт-41""",6345050694,C,88262020.17,39,1.1621,18.3344,7594784176.69,120,84,70.0
Электрика,14,"ИП ""ПромСнаб-30""",9330400329,A,87813226.60,42,1.1562,19.4906,7594784176.69,120,84,70.0
Электрика,15,"ИП ""БетаТрейд-27""",9604015376,A,84135957.58,35,1.1078,20.5984,7594784176.69,120,84,70.0
Электрика,16,"ИП ""ДельтаЛогистик-84""",1328957857,B,83376768.23,31,1.0978,21.6962,7594784176.69,120,84,70.0
Электрика,17,"ООО ""ДельтаЛогистик-78""",8663952810,C,82699192.71,35,1.0889,22.7851,7594784176.69,120,84,70.0
Электрика,18,"ООО ""СтанкоСервис-118""",1910495631,A,82115002.22,35,1.0812,23.8663,7594784176.69,120,84,70.0
Электрика,19,"ИП ""АльфаСнаб-25""",4236183119,C,81835050.34,39,1.0775,24.9439,7594784176.69,120,84,70.0
Электрика,20,"ПАО ""ЭлектроМир-83""",9385317786,C,81668476.56,34,1.0753,26.0192,7594784176.69,120,84,70.0
Электрика,21,"ООО ""СибирьОпт-102""",4129682292,C,80475342.41,34,1.0596,27.0788,7594784176.69,120,84,70.0
Электрика,22,"ИП ""Севергруз-23""",7661401524,A,78943039.43,39,1.0394,28.1182,7594784176.69,120,84,70.0
Электрика,23,"ООО ""БетаТрейд-90""",3281751713,A,77964667.29,34,1.0266,29.1448,7594784176.69,120,84,70.0
Электрика,24,"ООО ""АльфаСнаб-35""",1175213575,C,77953539.95,36,1.0264,30.1712,7594784176.69,120,84,70.0
Электрика,25,"ПАО ""СтанкоСервис-98""",5150285741,C,77882193.10,44,1.0255,31.1967,7594784176.69,120,84,70.0
Электрика,26,"ИП ""ЭпсилонТех-51""",2183066432,A,76714374.90,37,1.0101,32.2068,7594784176.69,120,84,70.0
Электрика,27,"АО ""АльфаСнаб-105""",4695450688,B,76377639.55,46,1.0057,33.2124,7594784176.69,120,84,70.0
Электрика,28,"ИП ""БетаТрейд-38""",8757438026,B,75348627.97,40,0.9921,34.2045,7594784176.69,120,84,70.0
Электрика,29,"ИП ""ТехКомплект-37""",6425784015,A,74667833.01,36,0.9831,35.1877,7594784176.69,120,84,70.0
Электрика,30,"АО ""СтанкоСервис-34""",7614642252,A,73937172.68,35,0.9735,36.1612,7594784176.69,120,84,70.0
Электрика,31,"ООО ""ЭпсилонТех-29""",1164438269,A,73231242.54,50,0.9642,37.1254,7594784176.69,120,84,70.0
Электрика,32,"ПАО ""Севергруз-58""",6703117816,B,73158574.79,39,0.9633,38.0887,7594784176.69,120,84,70.0
Электрика,33,"ИП ""СтанкоСервис-119""",8333128511,A,73149163.12,36,0.9631,39.0519,7594784176.69,120,84,70.0
Электрика,34,"ПАО ""АльфаСнаб-12 Групп""",6224825860,A,72892262.12,32,0.9598,40.0116,7594784176.69,120,84,70.0
Электрика,35,"ООО ""СибирьОпт-96""",3940742148,A,71806721.35,43,0.9455,40.9571,7594784176.69,120,84,70.0
Электрика,36,"ПАО ""СтанкоСервис-113""",9062991254,C,71385424.34,42,0.9399,41.8970,7594784176.69,120,84,70.0
Электрика,37,"ПАО ""ЭпсилонТех-2 Групп""",1333205446,A,70352265.05,37,0.9263,42.8234,7594784176.69,120,84,70.0
Электрика,38,"ИП ""ТехКомплект-91""",3871944604,C,70219627.22,27,0.9246,43.7479,7594784176.69,120,84,70.0
Электрика,39,"ИП ""АльфаСнаб-19""",6251468548,C,69556195.56,34,0.9158,44.6638,7594784176.69,120,84,70.0
Электрика,40,"ИП ""СтанкоСервис-114""",6505846279,C,69065303.91,32,0.9094,45.5731,7594784176.69,120,84,70.0
Электрика,41,"ИП ""УралДеталь-67""",3838939447,B,68131745.47,37,0.8971,46.4702,7594784176.69,120,84,70.0
Электрика,42,"ООО ""СибирьОпт-111""",7497322282,A,68107322.04,30,0.8968,47.3670,7594784176.69,120,84,70.0
Электрика,43,"ПАО ""УралДеталь-52""",8347640543,C,67816355.75,33,0.8929,48.2599,7594784176.69,120,84,70.0
Электрика,44,"ИП ""Севергруз-88""",2941331441,C,67080006.92,30,0.8832,49.1432,7594784176.69,120,84,70.0
Электрика,45,"АО ""ЭпсилонТех-81""",9318288828,B,66536568.29,35,0.8761,50.0193,7594784176.69,120,84,70.0
Электрика,46,"АО ""УралДеталь-6 Групп""",8563157612,C,66083647.52,35,0.8701,50.8894,7594784176.69,120,84,70.0
Электрика,47,"ПАО ""ТехКомплект-94""",5862834378,C,66015377.89,28,0.8692,51.7586,7594784176.69,120,84,70.0
Электрика,48,"ООО ""ГидроПром-17""",4885347209,B,65959209.01,34,0.8685,52.6271,7594784176.69,120,84,70.0
Электрика,49,"ООО ""ВолгаТех-97""",3478634414,A,65903581.36,33,0.8677,53.4948,7594784176.69,120,84,70.0
Электрика,50,"АО ""ВолгаТех-86""",1944444455,C,65337415.66,31,0.8603,54.3551,7594784176.69,120,84,70.0
Электрика,51,"ИП ""Севергруз-120""",6226202468,A,64585451.26,37,0.8504,55.2055,7594784176.69,120,84,70.0
Электрика,52,"ПАО ""ГаммаПром-21""",5510509420,A,64554920.23,29,0.8500,56.0555,7594784176.69,120,84,70.0
Электрика,53,"ПАО ""АльфаСнаб-89""",2477900690,B,64536517.61,26,0.8497,56.9052,7594784176.69,120,84,70.0
Электрика,54,"АО ""ВолгаТех-46""",3203403245,C,64368293.85,34,0.8475,57.7528,7594784176.69,120,84,70.0
Электрика,55,"АО ""ПромСнаб-62""",6943791863,C,64111074.96,31,0.8441,58.5969,7594784176.69,120,84,70.0
Электрика,56,"ООО ""ЭпсилонТех-60""",8376759633,B,63771965.61,26,0.8397,59.4366,7594784176.69,120,84,70.0
Электрика,57,"АО ""ГидроПром-44""",6939000485,C,63659792.16,27,0.8382,60.2748,7594784176.69,120,84,70.0
Электрика,58,"ПАО ""СибирьОпт-109""",1575720309,B,62892306.57,29,0.8281,61.1029,7594784176.69,120,84,70.0
Электрика,59,"АО ""МеталлТорг-115""",4054258644,C,62513405.61,34,0.8231,61.9260,7594784176.69,120,84,70.0
Электрика,60,"ПАО ""БетаТрейд-107""",5096320205,A,61658138.69,34,0.8118,62.7379,7594784176.69,120,84,70.0
Электрика,61,"ИП ""ПромСнаб-61""",2248071481,C,60272109.78,24,0.7936,63.5315,7594784176.69,120,84,70.0
Электрика,62,"ПАО ""ЭлектроМир-95""",4893091195,B,60236217.76,28,0.7931,64.3246,7594784176.69,120,84,70.0
Электрика,63,"ИП ""ГидроПром-104""",1171278872,A,59450578.90,34,0.7828,65.1074,7594784176.69,120,84,70.0
Электрика,64,"ПАО ""ГаммаПром-13 Групп""",7679741117,A,59160811.48,29,0.7790,65.8863,7594784176.69,120,84,70.0
Электрика,65,"АО ""ЭлектроМир-101""",5660908709,B,58939719.43,37,0.7761,66.6624,7594784176.69,120,84,70.0
Электрика,66,"ИП ""СибирьОпт-80""",2616661404,C,58712445.69,29,0.7731,67.4355,7594784176.69,120,84,70.0
Электрика,67,"АО ""ТехКомплект-53""",9971592644,A,58698041.45,30,0.7729,68.2083,7594784176.69,120,84,70.0
Электрика,68,"ПАО ""ЭпсилонТех-31""",3498810138,C,58603109.30,23,0.7716,68.9799,7594784176.69,120,84,70.0
Электрика,69,"АО ""СтанкоСервис-49""",4544937676,C,58486062.98,31,0.7701,69.7500,7594784176.69,120,84,70.0
Электрика,70,"АО ""ЭлектроМир-47""",4315494031,C,56887366.67,30,0.7490,70.4991,7594784176.69,120,84,70.0
Электрика,71,"ООО ""Севергруз-20""",9756965410,B,56525610.81,29,0.7443,71.2433,7594784176.69,120,84,70.0
Электрика,72,"ПАО ""ЭпсилонТех-72""",1649173005,A,55550078.06,37,0.7314,71.9748,7594784176.69,120,84,70.0
Электрика,73,"ИП ""СибирьОпт-103""",4736069149,B,54795118.09,29,0.7215,72.6962,7594784176.69,120,84,70.0
Электрика,74,"ИП ""ГаммаПром-71""",6451166226,A,54686523.97,25,0.7201,73.4163,7594784176.69,120,84,70.0
Электрика,75,"ООО ""БетаТрейд-117""",6534526717,A,54679776.43,28,0.7200,74.1363,7594784176.69,120,84,70.0
Электрика,76,"ООО ""ЭлектроМир-110""",9439228389,A,54409956.61,39,0.7164,74.8527,7594784176.69,120,84,70.0
Электрика,77,"АО ""ВолгаТех-39""",9762292597,A,54345611.67,38,0.7156,75.5682,7594784176.69,120,84,70.0
Электрика,78,"ПАО ""СибирьОпт-24""",6203036487,B,53556617.56,30,0.7052,76.2734,7594784176.69,120,84,70.0
Электрика,79,"ПАО ""ВолгаТех-56""",8238363683,C,53515155.32,34,0.7046,76.9780,7594784176.69,120,84,70.0
Электрика,80,"ИП ""УралДеталь-68""",6899330264,C,53270453.38,28,0.7014,77.6795,7594784176.69,120,84,70.0
Электрика,81,"АО ""ВолгаТех-66""",5944124879,A,53263361.96,32,0.7013,78.3808,7594784176.69,120,84,70.0
Электрика,82,"АО ""ЭлектроМир-99""",5326315150,B,53224018.10,35,0.7008,79.0816,7594784176.69,120,84,70.0
Электрика,83,"ООО ""СибирьОпт-54""",8681026443,A,53059123.11,31,0.6986,79.7802,7594784176.69,120,84,70.0
Электрика,84,"ИП ""Севергруз-5 Групп""",9354187804,A,52262176.34,29,0.6881,80.4683,7594784176.69,120,84,70.0
Электрика,85,"ООО ""ДельтаЛогистик-48""",6729556589,B,51904900.31,27,0.6834,81.1517,7594784176.69,120,84,70.0
Электрика,86,"ИП ""ТехКомплект-106""",6127484739,C,51431991.79,29,0.6772,81.8290,7594784176.69,120,84,70.0
Электрика,87,"ООО ""УралДеталь-42""",4305019545,B,51284136.56,28,0.6753,82.5042,7594784176.69,120,84,70.0
Электрика,88,"ООО ""ПромСнаб-85""",1381538527,B,50227716.12,30,0.6613,83.1656,7594784176.69,120,84,70.0
Электрика,89,"АО ""МеталлТорг-70""",2177052301,A,49844118.83,25,0.6563,83.8218,7594784176.69,120,84,70.0
Электрика,90,"ИП ""БетаТрейд-28""",7605742304,A,49545485.55,28,0.6524,84.4742,7594784176.69,120,84,70.0
Электрика,91,"ООО ""ЭлектроМир-74""",3183881606,B,49544954.04,25,0.6524,85.1266,7594784176.69,120,84,70.0
Электрика,92,"ИП ""Севергруз-116""",6916520012,B,47886859.34,23,0.6305,85.7571,7594784176.69,120,84,70.0
Электрика,93,"ИП ""УралДеталь-40""",6947562940,A,47454083.49,24,0.6248,86.3819,7594784176.69,120,84,70.0
Электрика,94,"ПАО ""ГидроПром-82""",5486176086,C,46187767.43,19,0.6082,86.9901,7594784176.69,120,84,70.0
Электрика,95,"ПАО ""СибирьОпт-63""",5200040610,B,45662544.01,27,0.6012,87.5913,7594784176.69,120,84,70.0
Электрика,96,"ПАО ""ЭпсилонТех-79""",5889752316,B,45589177.45,26,0.6003,88.1916,7594784176.69,120,84,70.0
Электрика,97,"ПАО ""ЭпсилонТех-16""",3879955568,A,43596609.65,28,0.5740,88.7656,7594784176.69,120,84,70.0
Электрика,98,"ИП ""УралДеталь-108""",7199635800,A,42858547.87,36,0.5643,89.3299,7594784176.69,120,84,70.0
Электрика,99,"ПАО ""ЭлектроМир-57""",7893336702,C,42074859.76,35,0.5540,89.8839,7594784176.69,120,84,70.0
Электрика,100,"ООО ""Севергруз-59""",2876376128,B,42007853.06,22,0.5531,90.4370,7594784176.69,120,84,70.0
Электрика,101,"ПАО ""ГидроПром-10 Групп""",4025236040,A,41779583.02,26,0.5501,90.9871,7594784176.69,120,84,70.0
Электрика,102,"ООО ""СтанкоСервис-100""",2616565262,A,41279626.28,18,0.5435,91.5307,7594784176.69,120,84,70.0
Электрика,103,"ИП ""ЭпсилонТех-14 Групп""",7761929248,B,40681708.89,25,0.5357,92.0663,7594784176.69,120,84,70.0
Электрика,104,"ИП ""ПромСнаб-75""",6209425602,C,40652604.17,25,0.5353,92.6016,7594784176.69,120,84,70.0
Электрика,105,"ИП ""ВолгаТех-64""",3967359575,C,40387196.71,30,0.5318,93.1334,7594784176.69,120,84,70.0
Электрика,106,"ООО ""ТехКомплект-45""",9678016609,C,39055357.40,28,0.5142,93.6476,7594784176.69,120,84,70.0
Электрика,107,"АО ""ГидроПром-65""",5816509712,A,38705588.20,24,0.5096,94.1572,7594784176.69,120,84,70.0
Электрика,108,"ИП ""ЭлектроМир-77""",3342574841,B,37340738.39,22,0.4917,94.6489,7594784176.69,120,84,70.0
Электрика,109,"АО ""МеталлТорг-3 Групп""",9676820827,B,37298136.13,20,0.4911,95.1400,7594784176.69,120,84,70.0
Электрика,110,"АО ""ЭпсилонТех-55""",8870912118,B,37151813.20,26,0.4892,95.6292,7594784176.69,120,84,70.0
Электрика,111,"ИП ""ЭлектроМир-26""",3430420654,B,36783564.34,24,0.4843,96.1135,7594784176.69,120,84,70.0
Электрика,112,"ООО ""ПромСнаб-11 Групп""",1268657293,A,36075018.76,25,0.4750,96.5885,7594784176.69,120,84,70.0
Электрика,113,"ПАО ""Севергруз-69""",5108515536,B,34956610.63,27,0.4603,97.0488,7594784176.69,120,84,70.0
Электрика,114,"АО ""УралДеталь-93""",8269858197,A,34571288.55,23,0.4552,97.5040,7594784176.69,120,84,70.0
Электрика,115,"ООО ""МеталлТорг-76""",4790839966,A,34517295.05,18,0.4545,97.9585,7594784176.69,120,84,70.0
Электрика,116,"ПАО ""Севергруз-32""",4848744976,A,34139207.97,23,0.4495,98.4080,7594784176.69,120,84,70.0
Электрика,117,"ПАО ""УралДеталь-112""",9583012527,A,32741281.46,19,0.4311,98.8391,7594784176.69,120,84,70.0
Электрика,118,"ООО ""МеталлТорг-92""",4707533344,A,32660340.35,18,0.4300,99.2691,7594784176.69,120,84,70.0
Электрика,119,"ПАО ""ДельтаЛогистик-7 Групп""",9648479014,B,32435275.82,19,0.4271,99.6962,7594784176.69,120,84,70.0
Электрика,120,"ИП ""ДельтаЛогистик-9 Групп""",7262793677,A,23075044.22,19,0.3038,100.0000,7594784176.69,120,84,70.0
